"amostra";"Au";"Pd";"Pt";"Ag";"Al";"As";"B";"Ba";"Be";"Bi";"Ca";"Cd";"Ce";"Co";"Cr";"Cs";"Cu";"Fe";"Ga";"Ge";"Hf";"Hg";"In";"K";"La";"Li";"Lu";"Mg";"Mn";"Mo";"Na";"Nb";"Ni";"P";"Pb";"Rb";"Re";"S";"Sb";"Sc";"Se";"Sn";"Sr";"Ta";"Tb";"Te";"Th";"Ti";"Tl";"U";"V";"W";"Y";"Yb";"Zn";"Zr";"boletim"
"ICP540";"-10";"-10";"-10";"0,01";"1,76";"6";"-10";"407";"1";"0,1";"0,46";"0,07";"48,67";"23,9";"125";"0,97";"26,5";"3,67";"5,9";"-0,1";"0,16";"0,03";"0,03";"0,16";"25";"14";"0,11";"0,53";"1250";"0,22";"0,03";"0,55";"57,3";"343";"12,6";"11,2";"-0,1";"-0,01";"0,52";"7,5";"-1";"0,6";"53,5";"-0,05";"0,47";"-0,05";"3,3";"0,03";"0,07";"0,85";"61";"-0,1";"10,9";"0,8";"59";"6,5";"GQ2003731"
"ICP541";"-9999";"-9999";"-9999";"-0,01";"1,33";"5";"-10";"280";"1,2";"0,12";"0,43";"0,06";"59,84";"14,5";"43";"0,51";"17,8";"3,63";"4,5";"-0,1";"0,16";"-0,01";"0,02";"0,13";"32,6";"14";"0,12";"0,38";"871";"0,3";"0,03";"1,25";"21,6";"877";"14,6";"9,3";"-0,1";"-0,01";"0,28";"4,7";"-1";"0,6";"42,2";"-0,05";"0,58";"-0,05";"3,6";"0,06";"0,06";"0,73";"55";"0,1";"13,79";"0,9";"53";"6,2";"GQ2003731"
"ICP542";"-9999";"-9999";"-9999";"-0,01";"0,72";"-1";"-10";"148";"0,5";"0,04";"0,18";"0,04";"142,3";"6,1";"21";"0,41";"10,6";"1,98";"2,1";"-0,1";"0,05";"-0,01";"-0,02";"0,11";"71,4";"4";"0,08";"0,16";"399";"0,29";"0,04";"1,32";"7,4";"472";"7,9";"9,5";"-0,1";"-0,01";"-0,05";"1,8";"-1";"0,3";"24,9";"-0,05";"0,71";"-0,05";"13,2";"0,08";"0,06";"1,13";"34";"-0,1";"11,05";"0,6";"31";"1,1";"GQ2003731"
"ICP543";"-9999";"-9999";"-9999";"-0,01";"0,74";"1";"-10";"179";"0,6";"0,04";"0,18";"0,07";"55,59";"7,5";"23";"0,58";"11";"1,88";"2,9";"-0,1";"0,05";"-0,01";"-0,02";"0,12";"30,2";"5";"0,07";"0,2";"414";"0,27";"0,03";"0,98";"10,1";"528";"9";"10,6";"-0,1";"-0,01";"0,06";"1,7";"-1";"-0,3";"19,8";"-0,05";"0,39";"-0,05";"4,5";"0,03";"0,06";"0,65";"28";"-0,1";"7,99";"0,5";"43";"1,8";"GQ2003731"
"ICP544";"-9999";"-9999";"-9999";"-0,01";"1,37";"1";"-10";"222";"0,8";"0,05";"0,63";"0,09";"75,09";"18,6";"40";"0,59";"13,6";"3,85";"5,1";"-0,1";"0,08";"-0,01";"-0,02";"0,12";"39,9";"10";"0,12";"0,52";"543";"0,33";"0,05";"1,24";"19,5";"1832";"12,3";"11,1";"-0,1";"-0,01";"0,05";"4,3";"-1";"0,4";"61,8";"-0,05";"0,61";"-0,05";"5";"0,11";"0,07";"0,69";"90";"-0,1";"13,13";"0,9";"55";"2,1";"GQ2003731"
"ICP545";"-9999";"-9999";"-9999";"-0,01";"0,97";"3";"-10";"168";"0,8";"0,08";"0,72";"0,06";"73,31";"12,8";"49";"0,54";"9";"3,13";"3,8";"-0,1";"0,18";"-0,01";"-0,02";"0,08";"36,4";"11";"0,15";"0,36";"661";"0,3";"0,03";"1,51";"16,7";"2473";"10,8";"7,6";"-0,1";"-0,01";"0,13";"3,3";"-1";"0,6";"49,7";"-0,05";"0,67";"-0,05";"6,1";"0,16";"0,05";"0,74";"81";"0,2";"16,55";"1,1";"53";"7,5";"GQ2003731"
"ICP546";"-9999";"-9999";"-9999";"0,94";"0,61";"2";"11";"94";"0,6";"0,08";"0,22";"0,1";"46,64";"9,2";"34";"0,53";"11,5";"1,8";"2,6";"-0,1";"0,07";"-0,01";"-0,02";"0,1";"22,3";"6";"0,08";"0,23";"434";"0,3";"0,03";"1,12";"14,5";"557";"10,8";"9";"-0,1";"-0,01";"0,09";"2,1";"-1";"0,4";"18,3";"-0,05";"0,31";"-0,05";"5,5";"0,06";"0,07";"0,5";"29";"0,1";"7,49";"0,6";"33";"2,7";"GQ2003731"
"ICP547";"-10";"-10";"-10";"-0,01";"0,86";"5";"-10";"132";"0,6";"0,08";"0,22";"0,06";"35,67";"14,4";"49";"0,57";"14,5";"3,21";"3,4";"-0,1";"0,06";"-0,01";"-0,02";"0,09";"18,6";"7";"0,1";"0,22";"686";"0,43";"0,02";"0,82";"20,4";"307";"8,6";"8,2";"-0,1";"-0,01";"0,3";"3,9";"-1";"0,3";"24";"-0,05";"0,36";"-0,05";"3,3";"0,06";"0,05";"0,64";"59";"-0,1";"8,5";"0,7";"39";"2,1";"GQ2003731"
"ICP548";"-9999";"-9999";"-9999";"-0,01";"1,05";"4";"11";"149";"1,2";"0,12";"0,32";"0,15";"81,58";"20,3";"57";"0,64";"10";"3,78";"4,6";"-0,1";"0,15";"-0,01";"0,02";"0,1";"44,9";"11";"0,19";"0,34";"995";"0,51";"0,04";"1,32";"24,1";"711";"17,7";"11,4";"-0,1";"0,01";"0,18";"4";"-1";"0,7";"29";"-0,05";"0,71";"-0,05";"23,5";"0,08";"0,08";"1,19";"72";"0,2";"18,44";"1,3";"51";"6,5";"GQ2003731"
"ICP549";"-10";"-10";"-10";"-0,01";"1,46";"10";"-10";"421";"1,1";"0,1";"0,44";"0,09";"74,89";"46,2";"98";"0,85";"22,4";"4,11";"5,2";"-0,1";"0,16";"0,02";"0,02";"0,16";"30,8";"10";"0,1";"0,64";"2309";"0,5";"0,05";"1,04";"64,3";"577";"14,8";"10,8";"-0,1";"-0,01";"0,65";"5,7";"-1";"0,7";"51";"-0,05";"0,49";"-0,05";"4";"0,07";"0,08";"1,05";"76";"0,2";"10,41";"0,7";"48";"6,8";"GQ2003731"
"ICP550";"-9999";"-9999";"-9999";"-0,01";"0,46";"2";"-10";"96";"0,5";"0,1";"0,1";"0,03";"25,83";"4";"14";"0,48";"2";"1,7";"1,9";"-0,1";"-0,05";"-0,01";"-0,02";"0,1";"14,5";"5";"0,04";"0,13";"266";"0,22";"0,02";"0,73";"4,3";"316";"7,4";"7,6";"-0,1";"-0,01";"0,13";"1";"-1";"0,3";"9,9";"-0,05";"0,22";"-0,05";"4,3";"0,02";"0,05";"0,64";"30";"0,2";"4,6";"0,3";"18";"1,4";"GQ2003731"
"ICP551";"-9999";"-9999";"-9999";"-0,01";"1,44";"-1";"-10";"332";"0,7";"0,05";"0,51";"0,12";"67,23";"19,4";"48";"0,66";"11,2";"3,52";"5,2";"-0,1";"0,07";"-0,01";"0,02";"0,13";"38,2";"10";"0,15";"0,48";"648";"0,33";"0,03";"0,97";"24";"1356";"9,7";"11,3";"-0,1";"-0,01";"0,07";"4,3";"-1";"0,5";"50,6";"-0,05";"0,63";"-0,05";"4,2";"0,09";"0,06";"0,52";"63";"-0,1";"14,92";"1,1";"48";"1,5";"GQ2003731"
"ICP552";"-9999";"-9999";"-9999";"-0,01";"1,29";"7";"-10";"392";"1";"0,1";"0,28";"0,1";"53,13";"28,3";"117";"0,81";"16,3";"3,46";"4,5";"-0,1";"0,09";"0,03";"0,02";"0,13";"20,7";"10";"0,08";"0,41";"1318";"0,34";"0,03";"0,73";"64,8";"287";"14";"9";"-0,1";"-0,01";"0,79";"5,6";"-1";"0,4";"37,2";"-0,05";"0,38";"-0,05";"2,9";"0,02";"0,06";"0,6";"67";"0,2";"7,81";"0,5";"42";"4,1";"GQ2003731"
"ICP553";"-9999";"-9999";"-9999";"-0,01";"0,94";"4";"-10";"186";"0,9";"0,08";"0,22";"0,11";"35,84";"16,3";"40";"0,56";"11,9";"3,5";"3,6";"-0,1";"0,14";"-0,01";"0,02";"0,11";"19";"12";"0,08";"0,28";"957";"0,37";"0,04";"1,19";"21,5";"586";"11,5";"8,2";"-0,1";"-0,01";"0,22";"3,3";"-1";"0,5";"24,3";"-0,05";"0,36";"-0,05";"3";"0,06";"0,06";"0,53";"49";"-0,1";"7,72";"0,6";"39";"7,2";"GQ2003731"
"ICP554";"-9999";"-9999";"-9999";"-0,01";"0,84";"3";"-10";"161";"0,7";"0,08";"0,21";"0,05";"31,78";"13,5";"40";"0,51";"11,2";"3,37";"3,2";"-0,1";"0,13";"0,01";"-0,02";"0,1";"17,1";"10";"0,07";"0,25";"826";"0,38";"0,03";"0,93";"18,2";"533";"10,7";"7,3";"-0,1";"-0,01";"0,22";"2,8";"-1";"0,4";"20,7";"-0,05";"0,31";"-0,05";"2,9";"0,06";"0,05";"0,44";"49";"0,1";"6,84";"0,5";"36";"6,2";"GQ2003731"
"ICP555";"-9999";"-9999";"-9999";"-0,01";"2,03";"10";"-10";"275";"1,1";"0,11";"0,89";"0,17";"86,7";"40,8";"135";"1,32";"37,6";"4,83";"7,3";"-0,1";"0,49";"0,01";"0,03";"0,11";"35,4";"22";"0,12";"1,79";"1227";"0,46";"0,08";"1,39";"105";"1172";"15,1";"9,9";"-0,1";"-0,01";"1,88";"8,1";"-1";"1";"93,7";"-0,05";"0,58";"-0,05";"4,8";"0,23";"0,08";"1,26";"103";"0,6";"12,1";"0,9";"70";"17,9";"GQ2003731"
"ICP556";"-9999";"-9999";"-9999";"-0,01";"0,83";"6";"-10";"227";"1,4";"0,12";"0,2";"0,11";"50,64";"9";"20";"0,87";"8,7";"2,2";"2,3";"-0,1";"0,11";"-0,01";"-0,02";"0,12";"26,8";"5";"0,1";"0,13";"830";"0,39";"0,02";"1,13";"8,9";"333";"21,3";"12,5";"-0,1";"-0,01";"0,23";"2,1";"-1";"0,4";"28,7";"-0,05";"0,43";"-0,05";"5,3";"0,01";"0,13";"1,28";"33";"0,1";"9,84";"0,7";"27";"3,2";"GQ2003731"
"ICP557";"-10";"-10";"-10";"-0,01";"1,58";"6";"-10";"265";"0,8";"0,1";"0,37";"0,1";"62,96";"33,1";"111";"0,47";"13,1";"3,29";"6,5";"-0,1";"0,22";"-0,01";"0,02";"0,1";"24,9";"12";"0,08";"0,86";"1683";"0,29";"0,04";"1,26";"66,9";"395";"12,2";"7,8";"-0,1";"-0,01";"0,33";"5,4";"-1";"0,6";"43,8";"-0,05";"0,36";"-0,05";"3,5";"0,1";"0,07";"0,76";"66";"0,1";"7,95";"0,6";"51";"9,1";"GQ2003731"
"ICP558";"-9999";"-9999";"-9999";"-0,01";"1,76";"2";"-10";"202";"1,4";"0,1";"0,51";"0,18";"126,64";"24,6";"87";"1";"23,3";"4,37";"7,7";"-0,1";"0,16";"-0,01";"0,03";"0,18";"65,6";"17";"0,24";"0,67";"1238";"0,56";"0,04";"1,32";"40,3";"1098";"18,9";"20,5";"-0,1";"-0,01";"0,1";"6,4";"-1";"0,7";"35,4";"-0,05";"0,83";"-0,05";"14,3";"0,08";"0,12";"1";"65";"-0,1";"21,48";"1,6";"83";"5,9";"GQ2003731"
"ICP559";"-10";"-10";"-10";"-0,01";"1,23";"3";"-10";"136";"0,6";"0,06";"0,54";"0,07";"23,22";"16,9";"45";"0,43";"16,2";"2,61";"4,2";"-0,1";"0,09";"-0,01";"0,02";"0,08";"11,9";"4";"0,22";"0,35";"966";"0,35";"0,06";"0,86";"20";"233";"6,2";"7,5";"-0,1";"-0,01";"0,12";"7,6";"-1";"0,5";"40,5";"-0,05";"0,44";"-0,05";"2,5";"0,1";"0,05";"0,67";"65";"-0,1";"15,3";"1,5";"39";"1,8";"GQ2003731"
"ICP560";"-9999";"-9999";"-9999";"-0,01";"1,26";"4";"-10";"173";"1,1";"0,16";"0,26";"0,07";"56,95";"12,3";"33";"0,79";"13,6";"3,27";"5";"-0,1";"0,1";"-0,01";"-0,02";"0,13";"33";"15";"0,12";"0,37";"572";"0,37";"0,04";"1,32";"13";"673";"16,9";"12,5";"-0,1";"-0,01";"0,24";"3,3";"-1";"0,7";"28,4";"-0,05";"0,54";"-0,05";"6,2";"0,07";"0,09";"1,05";"62";"0,1";"13,22";"0,9";"52";"3,1";"GQ2003731"
"ICP561";"-9999";"-9999";"-9999";"-0,01";"1";"1";"-10";"202";"0,7";"0,06";"0,27";"0,04";"76,25";"10,8";"38";"0,38";"7,7";"3,17";"3,5";"-0,1";"0,14";"-0,01";"-0,02";"0,11";"43,4";"7";"0,1";"0,29";"585";"0,39";"0,04";"2,66";"18,3";"678";"10,7";"9,3";"-0,1";"-0,01";"0,13";"3,2";"-1";"0,6";"35,9";"-0,05";"0,51";"-0,05";"8,4";"0,34";"0,05";"0,8";"51";"0,1";"9,84";"0,7";"46";"5,1";"GQ2003731"
"ICP562";"-9999";"-9999";"-9999";"-0,01";"1,19";"2";"-10";"138";"0,6";"0,06";"0,56";"0,08";"33,99";"18,5";"57";"0,43";"17,8";"3,28";"4,5";"-0,1";"0,11";"-0,01";"0,03";"0,09";"17,2";"4";"0,24";"0,36";"949";"0,39";"0,05";"1,03";"22,6";"282";"7,8";"7,9";"-0,1";"-0,01";"0,13";"7,7";"-1";"0,6";"45,8";"-0,05";"0,53";"-0,05";"3,8";"0,13";"0,05";"0,84";"84";"-0,1";"17,97";"1,7";"39";"2,7";"GQ2003731"
"ICP563";"-10";"-10";"-10";"-0,01";"1,3";"4";"-10";"333";"1,1";"0,08";"0,36";"0,07";"73,67";"12,2";"40";"0,39";"10,8";"3,14";"4,7";"-0,1";"0,19";"-0,01";"-0,02";"0,12";"45,7";"9";"0,14";"0,31";"685";"0,22";"0,03";"0,56";"19,9";"355";"13,4";"9,2";"-0,1";"-0,01";"0,15";"4,4";"-1";"0,5";"66,5";"-0,05";"0,63";"-0,05";"5,8";"0,04";"0,06";"1";"53";"-0,1";"15,73";"1";"50";"7,4";"GQ2003731"
"ICP564";"-9999";"-9999";"-9999";"-0,01";"2,22";"5";"-10";"410";"1,2";"0,09";"0,53";"0,07";"56,6";"43,7";"342";"0,82";"26,3";"4,21";"7,8";"-0,1";"0,15";"0,01";"0,03";"0,09";"23,4";"28";"0,08";"1,9";"1109";"0,26";"0,04";"0,78";"152,4";"577";"12,7";"9,1";"-0,1";"0,01";"0,51";"9,9";"-1";"0,5";"64,8";"-0,05";"0,42";"-0,05";"2,8";"0,05";"0,06";"0,7";"88";"0,2";"8,72";"0,6";"55";"5,3";"GQ2003731"
"ICP565";"-9999";"-9999";"-9999";"-0,01";"1,49";"5";"-10";"289";"1,3";"0,09";"0,31";"0,08";"83,36";"24,3";"61";"0,56";"8,6";"4";"5,7";"-0,1";"0,09";"0,01";"0,02";"0,15";"45,3";"10";"0,14";"0,48";"1080";"0,29";"0,03";"1,09";"34,6";"643";"15,5";"11,8";"-0,1";"-0,01";"0,29";"4,4";"-1";"0,7";"47,5";"-0,05";"0,65";"-0,05";"4,6";"0,05";"0,07";"0,88";"67";"0,1";"15,8";"1";"57";"2,8";"GQ2003731"
"ICP566";"-9999";"-9999";"-9999";"-0,01";"1,57";"9";"14";"357";"1,3";"0,09";"0,55";"0,16";"96,14";"31,8";"98";"0,76";"21,7";"5,22";"5,4";"-0,1";"0,18";"0,02";"0,03";"0,12";"42";"20";"0,15";"0,91";"2342";"0,48";"0,05";"2,27";"63";"1224";"17,3";"10,6";"-0,1";"0,02";"0,48";"5,9";"-1";"0,7";"62,3";"-0,05";"0,75";"-0,05";"4";"0,12";"0,08";"1,29";"76";"0,2";"15,52";"1,1";"72";"6,8";"GQ2003731"
"ICP567";"-9999";"-9999";"-9999";"-0,01";"2,25";"2";"-10";"558";"0,8";"0,06";"0,41";"0,12";"66,08";"33,8";"96";"0,48";"23,7";"5,17";"7,5";"-0,1";"0,08";"-0,01";"0,03";"0,15";"36,1";"14";"0,16";"0,97";"1017";"1,25";"0,03";"1,27";"67,1";"936";"9,8";"10,6";"-0,1";"-0,01";"0,12";"6,6";"-1";"0,3";"43,6";"-0,05";"0,63";"-0,05";"3,1";"0,02";"0,06";"0,59";"73";"0,1";"15,79";"1,1";"78";"1,7";"GQ2003731"
"ICP568";"-9999";"-9999";"-9999";"-0,01";"1,43";"2";"-10";"114";"0,6";"0,05";"0,63";"0,05";"30";"18,7";"41";"0,39";"20,9";"3,52";"6";"-0,1";"0,08";"-0,01";"0,03";"0,1";"15,2";"6";"0,25";"0,54";"757";"0,31";"0,05";"1,4";"19,6";"761";"8,1";"7,9";"-0,1";"0,01";"0,08";"8,3";"-1";"0,7";"48,7";"-0,05";"0,52";"-0,05";"2,9";"0,12";"0,04";"0,69";"79";"-0,1";"17,8";"1,7";"51";"1,4";"GQ2003731"
"ICP569";"-9999";"-9999";"-9999";"-0,01";"1,67";"1";"-10";"565";"0,7";"0,05";"0,33";"0,11";"100,55";"29,2";"86";"0,42";"21,7";"4,43";"5,4";"-0,1";"0,07";"-0,01";"0,02";"0,17";"52,5";"9";"0,17";"0,68";"887";"0,97";"0,03";"0,85";"57,8";"1005";"19,5";"10,3";"-0,1";"0,01";"0,33";"5,5";"-1";"0,3";"46,9";"-0,05";"0,73";"-0,05";"8,4";"0,01";"0,06";"0,64";"47";"0,2";"16,41";"1,2";"66";"2";"GQ2003731"
"ICP570";"-9999";"-9999";"-9999";"-0,01";"2,31";"2";"-10";"623";"1";"0,07";"0,4";"0,13";"96,9";"34,6";"113";"0,41";"27,9";"5,46";"7,2";"-0,1";"0,07";"0,01";"0,03";"0,14";"54,9";"14";"0,23";"0,96";"1119";"1,21";"0,02";"1,76";"73,8";"1051";"14,4";"10,1";"-0,1";"-0,01";"0,12";"6,5";"-1";"0,5";"52,6";"-0,05";"0,87";"-0,05";"6,2";"0,04";"0,06";"0,97";"69";"0,2";"22,15";"1,6";"89";"1,7";"GQ2003731"
"ICP571";"-9999";"-9999";"-9999";"-0,01";"2,05";"2";"-10";"570";"0,9";"0,06";"0,36";"0,1";"89,93";"32,8";"97";"0,41";"23,7";"4,77";"6,9";"-0,1";"0,08";"0,01";"0,02";"0,17";"49,5";"13";"0,21";"0,89";"1032";"1,27";"0,03";"1,18";"66,8";"901";"12,3";"11,2";"-0,1";"-0,01";"0,17";"6";"-1";"0,4";"43,3";"-0,05";"0,82";"-0,05";"5,9";"0,01";"0,06";"0,88";"57";"0,2";"21,31";"1,5";"81";"1,2";"GQ2003731"
"ICP572";"-9999";"-9999";"-9999";"0,02";"0,4";"4";"-10";"220";"0,7";"0,11";"0,11";"0,1";"28,2";"4,7";"13";"1,03";"2,2";"1,58";"1,5";"-0,1";"-0,05";"-0,01";"-0,02";"0,09";"14,3";"3";"0,06";"0,07";"465";"0,3";"0,02";"0,92";"4,9";"258";"23,3";"8,8";"-0,1";"-0,01";"0,35";"1,2";"-1";"0,4";"14,1";"-0,05";"0,23";"-0,05";"3";"0,01";"0,07";"0,54";"25";"0,2";"5,38";"0,4";"18";"1,5";"GQ2003731"
"ICP573";"-10";"-10";"-10";"-0,01";"0,61";"1";"-10";"89";"0,3";"0,04";"0,27";"0,04";"14,18";"7,7";"28";"0,29";"7,3";"1,72";"2,4";"-0,1";"-0,05";"-0,01";"-0,02";"0,05";"7,4";"2";"0,06";"0,19";"393";"0,21";"0,04";"0,61";"11,5";"244";"4,5";"4,2";"-0,1";"-0,01";"0,08";"2,5";"-1";"-0,3";"33,8";"-0,05";"0,15";"-0,05";"1,9";"0,05";"0,02";"0,32";"41";"-0,1";"4,27";"0,4";"19";"0,6";"GQ2003731"
"ICP574";"-10";"-10";"-10";"-0,01";"2,36";"7";"-10";"481";"1,1";"0,12";"0,64";"0,09";"61,3";"37";"270";"1,19";"29,9";"4,52";"9,4";"-0,1";"0,43";"-0,01";"0,03";"0,1";"28,5";"23";"0,1";"1,5";"1368";"0,24";"0,04";"0,83";"119,9";"591";"16,2";"11,3";"-0,1";"-0,01";"0,54";"11,1";"-1";"0,9";"74,7";"-0,05";"0,47";"-0,05";"3,7";"0,16";"0,06";"1,08";"88";"0,2";"10,06";"0,7";"72";"17,5";"GQ2003731"
"ICP575";"-9999";"-9999";"-9999";"-0,01";"0,74";"4";"-10";"178";"0,6";"0,08";"0,22";"0,06";"47,83";"19,4";"97";"0,56";"7,1";"4,62";"4,2";"-0,1";"0,15";"0,05";"-0,02";"0,08";"24,7";"5";"0,07";"0,38";"499";"0,34";"0,02";"1,07";"35,7";"416";"12,5";"6,8";"-0,1";"-0,01";"0,41";"2,8";"-1";"0,7";"24,9";"-0,05";"0,32";"-0,05";"7,6";"0,09";"0,04";"0,78";"106";"0,2";"6,73";"0,5";"36";"6,9";"GQ2003731"
"ICP576";"-9999";"-9999";"-9999";"-0,01";"2,56";"2";"-10";"596";"0,7";"0,06";"0,45";"0,08";"64,29";"36,6";"127";"0,46";"32,8";"5,23";"8,4";"-0,1";"0,09";"-0,01";"0,02";"0,12";"35,5";"14";"0,2";"1,33";"1201";"1,01";"0,02";"0,81";"83,9";"1030";"10,9";"8,4";"-0,1";"0,01";"0,15";"6,7";"-1";"-0,3";"57,7";"-0,05";"0,68";"-0,05";"3";"0,01";"0,05";"0,44";"68";"0,1";"17,7";"1,3";"78";"1,3";"GQ2003731"
"ICP577";"-10";"-10";"-10";"-0,01";"1,97";"6";"-10";"308";"1";"0,1";"0,63";"0,08";"50,79";"32,3";"229";"0,94";"26,8";"3,9";"7";"-0,1";"0,49";"0,01";"0,03";"0,1";"23,7";"15";"0,1";"1,37";"1167";"0,27";"0,04";"0,95";"135,3";"470";"12,4";"9,5";"-0,1";"-0,01";"0,42";"9,2";"-1";"0,8";"62,3";"-0,05";"0,44";"-0,05";"3,3";"0,16";"0,05";"1,03";"77";"0,2";"10,44";"0,7";"56";"21,5";"GQ2003731"
"ICP578";"-9999";"-9999";"-9999";"-0,01";"1,88";"8";"-10";"332";"0,9";"0,11";"0,63";"0,09";"57,8";"44,4";"214";"0,93";"26,4";"4,34";"7,1";"-0,1";"0,36";"0,01";"0,03";"0,09";"23,8";"18";"0,08";"1,47";"1279";"0,29";"0,04";"1,12";"115,6";"677";"15";"8,7";"-0,1";"-0,01";"0,51";"8,5";"-1";"0,8";"68,7";"-0,05";"0,38";"-0,05";"3";"0,2";"0,06";"1,02";"96";"0,2";"8,14";"0,6";"69";"14,9";"GQ2003731"
"ICP579";"-10";"-10";"-10";"-0,01";"1,96";"6";"-10";"333";"1,2";"0,13";"0,5";"0,09";"66,87";"28,3";"200";"1,51";"32,8";"5,32";"6,4";"-0,1";"0,18";"0,02";"0,04";"0,13";"30,7";"18";"0,14";"0,94";"1078";"0,39";"0,03";"1,28";"80,6";"582";"17,5";"10,8";"-0,1";"-0,01";"0,39";"8,1";"-1";"1";"34,9";"-0,05";"0,56";"-0,05";"6,4";"0,18";"0,06";"1,15";"107";"0,4";"12,95";"1";"67";"8";"GQ2003731"
"ICP580";"-9999";"-9999";"-9999";"-0,01";"0,92";"3";"-10";"204";"0,5";"0,05";"0,35";"0,4";"30,04";"21,1";"58";"0,41";"18,3";"2,4";"3,5";"-0,1";"0,05";"-0,01";"-0,02";"0,03";"14,9";"5";"0,1";"0,38";"1122";"0,24";"0,01";"1,66";"35,1";"487";"10,6";"5,3";"-0,1";"0,02";"0,08";"4,1";"-1";"-0,3";"45,1";"-0,05";"0,27";"-0,05";"1,8";"0,03";"0,04";"0,59";"51";"-0,1";"7,87";"0,6";"45";"0,7";"GQ2003731"
"ICP581";"-9999";"-9999";"-9999";"-0,01";"0,6";"2";"-10";"184";"0,4";"0,05";"0,24";"0,14";"23,68";"9,4";"34";"0,39";"8";"1,79";"2,3";"-0,1";"-0,05";"-0,01";"-0,02";"0,05";"12,4";"3";"0,06";"0,19";"620";"0,2";"0,02";"1,18";"15,9";"366";"6,3";"4,5";"-0,1";"0,01";"0,11";"2,1";"-1";"-0,3";"32,8";"-0,05";"0,2";"-0,05";"1,8";"0,03";"0,02";"0,45";"39";"-0,1";"4,98";"0,4";"24";"-0,5";"GQ2003731"
"ICP582";"-10";"-10";"-10";"-0,01";"0,96";"2";"-10";"184";"0,7";"0,09";"0,16";"0,03";"60,15";"10,8";"40";"0,5";"5,1";"3,35";"3,7";"-0,1";"0,12";"-0,01";"-0,02";"0,13";"32,8";"5";"0,09";"0,26";"530";"0,36";"0,02";"0,78";"15,7";"305";"13,6";"8,4";"-0,1";"-0,01";"0,27";"2,6";"-1";"0,5";"27,6";"-0,05";"0,43";"-0,05";"4,7";"0,04";"0,05";"0,74";"58";"0,1";"9,62";"0,7";"31";"6,2";"GQ2003731"
"ICP583";"-9999";"-9999";"-9999";"-0,01";"1,71";"5";"-10";"225";"1,3";"0,08";"0,43";"0,12";"69,51";"30,2";"99";"0,72";"14,6";"4,13";"7,3";"-0,1";"0,14";"-0,01";"0,02";"0,12";"37";"17";"0,14";"0,96";"1238";"0,35";"0,02";"1,55";"70,9";"764";"16,4";"11,5";"-0,1";"0,01";"0,2";"5,9";"-1";"0,8";"61,4";"-0,05";"0,61";"-0,05";"4,7";"0,13";"0,08";"0,92";"75";"0,1";"14,73";"1";"62";"5,4";"GQ2003731"
"ICP584";"-9999";"-9999";"-9999";"-0,01";"0,37";"1";"-10";"81";"0,6";"0,11";"0,06";"0,07";"51,46";"2,6";"14";"0,68";"4,8";"1,36";"1,3";"-0,1";"0,08";"-0,01";"-0,02";"0,11";"25";"3";"0,05";"0,08";"296";"0,31";"0,03";"1";"5,9";"149";"9,7";"8,3";"-0,1";"-0,01";"0,14";"0,8";"-1";"0,7";"10,5";"-0,05";"0,34";"-0,05";"12,9";"0,02";"0,06";"0,99";"17";"0,2";"5,8";"0,4";"13";"5,2";"GQ2003733"
"ICP585";"-9999";"-9999";"-9999";"-0,01";"0,58";"3";"-10";"136";"1,1";"0,12";"0,11";"0,16";"44,46";"4,7";"14";"0,72";"2,5";"1,82";"1,8";"-0,1";"0,07";"-0,01";"-0,02";"0,13";"21,8";"5";"0,07";"0,11";"522";"0,35";"0,03";"0,85";"6,4";"252";"12,7";"10,8";"-0,1";"-0,01";"0,2";"1,2";"-1";"0,7";"13,8";"-0,05";"0,34";"-0,05";"8,7";"0,02";"0,09";"1,17";"25";"0,2";"7,03";"0,5";"20";"4,3";"GQ2003733"
"ICP586";"-9999";"-9999";"-9999";"-0,01";"1,04";"3";"-10";"174";"1,1";"0,08";"0,25";"0,05";"49,93";"13";"66";"0,8";"11,3";"2,92";"4,1";"-0,1";"0,12";"-0,01";"-0,02";"0,13";"28,9";"8";"0,12";"0,51";"572";"0,45";"0,03";"1,15";"34,4";"408";"11,6";"11,1";"-0,1";"-0,01";"0,25";"2,9";"-1";"1";"39,4";"-0,05";"0,5";"-0,05";"8,9";"0,06";"0,07";"1,1";"47";"0,2";"12,07";"0,8";"42";"5,7";"GQ2003733"
"ICP587";"-9999";"-9999";"-9999";"-0,01";"1,63";"1";"-10";"403";"0,6";"0,05";"0,32";"0,2";"63,27";"25,5";"81";"0,43";"17,7";"4,02";"5,5";"-0,1";"0,1";"-0,01";"-0,02";"0,14";"34,8";"9";"0,12";"0,75";"852";"0,59";"0,05";"0,88";"49,4";"862";"9,5";"9,4";"-0,1";"-0,01";"0,13";"4,3";"-1";"0,5";"39,9";"-0,05";"0,47";"-0,05";"5,8";"0,04";"0,06";"0,53";"55";"0,1";"10,9";"0,8";"66";"5";"GQ2003733"
"ICP588";"-10";"-10";"-10";"-0,01";"1,57";"10";"-10";"191";"0,8";"0,11";"0,62";"0,04";"48,6";"28,6";"139";"1,14";"30,8";"4,04";"6,3";"0,1";"0,51";"-0,01";"0,03";"0,09";"21,4";"14";"0,08";"1,3";"857";"0,28";"0,06";"0,87";"77,5";"665";"12,5";"7,9";"-0,1";"-0,01";"0,49";"7,4";"-1";"1";"70,4";"-0,05";"0,35";"-0,05";"3,3";"0,22";"0,05";"0,94";"91";"0,2";"7,79";"0,6";"57";"21,6";"GQ2003733"
"ICP589";"-9999";"-9999";"-9999";"-0,01";"2,02";"8";"-10";"369";"1,2";"0,09";"0,63";"0,09";"75,11";"41,4";"186";"1,04";"25,1";"4";"6,8";"-0,1";"0,32";"-0,01";"0,02";"0,11";"31,6";"15";"0,13";"1,2";"1343";"0,3";"0,05";"1,06";"120";"619";"14,5";"11,5";"-0,1";"-0,01";"0,36";"8,4";"-1";"1";"77,4";"-0,05";"0,56";"-0,05";"3,5";"0,15";"0,07";"1,18";"72";"0,2";"13,58";"0,9";"67";"13,3";"GQ2003733"
"ICP590";"-9999";"-9999";"-9999";"-0,01";"1,39";"4";"-10";"429";"1,1";"0,08";"0,34";"0,1";"60,51";"20,5";"56";"0,66";"17,3";"4,74";"4,4";"-0,1";"0,08";"0,02";"0,03";"0,25";"29,8";"12";"0,17";"0,34";"807";"0,51";"0,03";"1,17";"33,6";"950";"20,7";"13,2";"-0,1";"-0,01";"0,4";"5,2";"-1";"0,9";"19,7";"-0,05";"0,64";"-0,05";"6";"0,03";"0,08";"0,77";"65";"0,2";"15,49";"1,2";"68";"3,2";"GQ2003733"
"ICP591";"-10";"-10";"-10";"-0,01";"0,5";"-1";"-10";"66";"0,2";"0,03";"0,24";"0,02";"10,53";"3,2";"10";"0,19";"4,1";"1,56";"1,9";"-0,1";"-0,05";"-0,01";"-0,02";"0,05";"5,5";"2";"0,03";"0,09";"306";"0,2";"0,05";"0,49";"5,7";"244";"1,9";"3,1";"-0,1";"-0,01";"-0,05";"1,5";"-1";"0,4";"37,6";"-0,05";"0,1";"-0,05";"1,1";"0,03";"-0,02";"0,23";"27";"-0,1";"2,53";"0,2";"12";"1,3";"GQ2003733"
"ICP592";"-10";"-10";"-10";"0,01";"0,68";"-1";"-10";"77";"0,2";"0,03";"0,33";"0,02";"11,72";"3,5";"12";"0,17";"4,4";"2,17";"2,4";"0,2";"-0,05";"-0,01";"-0,02";"0,05";"6";"2";"0,04";"0,11";"405";"0,23";"0,06";"0,89";"6,6";"290";"2,1";"2,7";"-0,1";"-0,01";"0,06";"2";"-1";"0,4";"53,1";"-0,05";"0,11";"-0,05";"1,2";"0,09";"-0,02";"0,29";"40";"-0,1";"3";"0,3";"15";"1,5";"GQ2003733"
"ICP593";"-9999";"-9999";"-9999";"-0,01";"0,89";"2";"-10";"170";"0,5";"0,06";"0,29";"0,07";"36,22";"9,7";"62";"0,4";"13,6";"3,96";"3,4";"-0,1";"0,08";"-0,01";"-0,02";"0,08";"20,6";"3";"0,09";"0,23";"481";"0,27";"0,03";"0,64";"15,8";"299";"8,9";"5,3";"-0,1";"-0,01";"0,21";"3,9";"-1";"0,7";"32,1";"-0,05";"0,32";"-0,05";"7";"0,1";"0,03";"0,79";"92";"0,1";"8,09";"0,6";"27";"3,7";"GQ2003733"
"ICP594";"-10";"-10";"-10";"-0,01";"0,96";"2";"-10";"184";"0,6";"0,07";"0,25";"0,04";"44,3";"10,8";"41";"0,61";"10,1";"2,2";"3,5";"-0,1";"0,07";"-0,01";"-0,02";"0,12";"24";"7";"0,08";"0,33";"544";"0,3";"0,04";"0,84";"21,3";"440";"9,4";"10,2";"-0,1";"-0,01";"0,19";"3";"-1";"0,7";"30,3";"-0,05";"0,38";"-0,05";"3,4";"0,05";"0,06";"0,71";"34";"-0,1";"8,52";"0,6";"36";"2,9";"GQ2003733"
"ICP595";"-10";"-10";"-10";"-0,01";"0,95";"2";"-10";"181";"0,7";"0,06";"0,26";"0,05";"46,1";"11,7";"42";"0,65";"10,5";"2,25";"3,5";"-0,1";"0,07";"0,01";"-0,02";"0,1";"24,7";"7";"0,09";"0,33";"583";"0,29";"0,03";"0,87";"21,3";"460";"9,7";"10,1";"-0,1";"-0,01";"0,18";"3";"-1";"0,6";"29";"-0,05";"0,39";"-0,05";"3,8";"0,05";"0,06";"0,72";"35";"-0,1";"8,87";"0,6";"38";"2,6";"GQ2003733"
"ICP596";"-10";"-10";"-10";"-0,01";"1,91";"10";"-10";"368";"1,3";"0,13";"0,65";"0,13";"67,38";"29";"132";"1,79";"29,9";"4,18";"6,8";"-0,1";"0,28";"0,02";"0,03";"0,15";"32,5";"18";"0,14";"0,83";"1190";"0,38";"0,04";"0,97";"71,5";"862";"17,8";"14,8";"-0,1";"-0,01";"0,34";"8,9";"-1";"1";"82,5";"-0,05";"0,64";"-0,05";"4,3";"0,12";"0,08";"1,38";"76";"0,1";"15,47";"1";"73";"10,7";"GQ2003733"
"ICP597";"-9999";"-9999";"-9999";"-0,01";"1,49";"4";"-10";"497";"1,1";"0,1";"0,38";"0,09";"58,9";"17,2";"46";"0,76";"13";"3,91";"4,5";"-0,1";"0,1";"0,01";"0,03";"0,24";"30,4";"13";"0,17";"0,34";"775";"0,48";"0,03";"0,94";"27,9";"860";"20,4";"14,3";"-0,1";"-0,01";"0,31";"5,1";"-1";"0,9";"25,2";"-0,05";"0,63";"-0,05";"4,9";"0,03";"0,09";"0,89";"54";"0,1";"16,08";"1,2";"65";"4,1";"GQ2003733"
"ICP598";"-9999";"-9999";"-9999";"-0,01";"0,48";"2";"-10";"82";"0,7";"0,13";"0,08";"0,09";"36,34";"2,7";"10";"0,79";"2,9";"1,12";"1,5";"-0,1";"-0,05";"-0,01";"-0,02";"0,12";"17,8";"4";"0,04";"0,11";"244";"0,32";"0,02";"1,06";"5,7";"169";"9,4";"9,7";"-0,1";"-0,01";"0,12";"1";"-1";"0,8";"10,5";"-0,05";"0,25";"-0,05";"8,4";"0,01";"0,08";"0,87";"16";"0,2";"4,61";"0,3";"14";"2,1";"GQ2003733"
"ICP599";"-10";"-10";"-10";"-0,01";"1,72";"8";"-10";"280";"0,9";"0,1";"0,57";"0,07";"51,78";"39";"221";"1,36";"21,2";"3,34";"5,9";"-0,1";"0,31";"0,04";"0,02";"0,09";"23,5";"12";"0,09";"0,97";"1219";"0,2";"0,04";"0,95";"112,3";"566";"13";"11,7";"-0,1";"-0,01";"0,44";"8,9";"-1";"1";"79,7";"-0,05";"0,38";"-0,05";"3,5";"0,12";"0,08";"0,87";"61";"0,2";"8,31";"0,6";"68";"9,5";"GQ2003733"
"ICP600";"-9999";"-9999";"-9999";"-0,01";"2,57";"30";"-10";"293";"1,7";"0,14";"0,56";"0,1";"71,45";"35,9";"239";"3,23";"27,4";"5,09";"9,7";"0,2";"0,26";"0,03";"0,04";"0,17";"33,4";"31";"0,08";"1,59";"1145";"0,38";"0,05";"1,47";"90,2";"942";"19,1";"15,3";"-0,1";"-0,01";"0,58";"9,8";"-1";"1,5";"78,8";"-0,05";"0,44";"-0,05";"4,7";"0,24";"0,08";"1,7";"115";"0,4";"8,87";"0,6";"81";"11,9";"GQ2003733"
"ICP601";"-10";"-10";"-10";"-0,01";"0,44";"-1";"-10";"69";"0,2";"0,03";"0,15";"0,02";"7,72";"2,3";"6";"0,26";"3";"0,76";"1,5";"-0,1";"0,07";"-0,01";"-0,02";"0,04";"4,3";"2";"0,03";"0,07";"264";"0,15";"0,05";"0,81";"3,9";"214";"2";"3,2";"-0,1";"-0,01";"0,08";"0,9";"-1";"0,3";"28,8";"-0,05";"0,07";"-0,05";"0,9";"0,02";"0,02";"0,19";"9";"-0,1";"2,06";"0,2";"10";"2,9";"GQ2003733"
"ICP602";"-9999";"-9999";"-9999";"-0,01";"0,35";"-1";"-10";"81";"0,3";"0,11";"0,06";"0,03";"59,3";"2,7";"20";"0,47";"2,3";"1,96";"1,2";"-0,1";"0,21";"-0,01";"-0,02";"0,1";"29";"2";"0,07";"0,08";"260";"0,33";"0,03";"0,84";"5,2";"125";"7,4";"6,5";"-0,1";"-0,01";"0,22";"1";"-1";"1";"9,7";"-0,05";"0,36";"-0,05";"13,4";"0,05";"0,05";"1,23";"31";"0,2";"6,41";"0,5";"10";"11";"GQ2003733"
"ICP603";"-9999";"-9999";"-9999";"0,03";"1,94";"2";"-10";"462";"0,6";"0,06";"0,31";"0,08";"55,51";"34,9";"98";"0,69";"36,7";"4,62";"6,5";"-0,1";"0,08";"-0,01";"0,02";"0,16";"26";"12";"0,14";"0,8";"1007";"0,69";"0,04";"0,62";"68,9";"754";"11,3";"10,3";"-0,1";"-0,01";"0,2";"6,1";"-1";"0,5";"34,4";"-0,05";"0,47";"-0,05";"2,9";"0,01";"0,07";"0,37";"63";"0,1";"12,02";"1";"71";"2,1";"GQ2003733"
"ICP604";"-9999";"-9999";"-9999";"-0,01";"1,76";"2";"-10";"430";"0,6";"0,06";"0,3";"0,08";"52,37";"35,1";"93";"0,72";"33,1";"4,44";"6";"-0,1";"0,06";"-0,01";"0,02";"0,11";"24,7";"10";"0,13";"0,82";"995";"0,63";"0,02";"0,65";"66,3";"761";"10,4";"9,1";"-0,1";"-0,01";"0,17";"5,5";"-1";"0,5";"29,9";"-0,05";"0,43";"-0,05";"2,4";"0,01";"0,06";"0,34";"60";"0,1";"11,2";"0,9";"71";"2,3";"GQ2003733"
"ICP605";"-10";"-10";"-10";"-0,01";"1,68";"5";"-10";"337";"1,1";"0,09";"0,4";"0,27";"54,03";"24,6";"113";"1,03";"21,3";"3,37";"5,8";"-0,1";"0,13";"0,02";"0,03";"0,12";"29,3";"12";"0,13";"0,8";"1076";"0,36";"0,03";"1,16";"63,3";"496";"12,9";"10,9";"-0,1";"-0,01";"0,35";"6,1";"-1";"0,9";"52,3";"-0,05";"0,53";"-0,05";"3,6";"0,07";"0,07";"0,93";"62";"0,2";"13,87";"0,9";"64";"5,3";"GQ2003733"
"ICP606";"-9999";"-9999";"-9999";"-0,01";"1,61";"3";"-10";"478";"0,9";"0,07";"0,43";"0,15";"100,45";"26,1";"67";"1,1";"25,8";"4,82";"5,6";"-0,1";"0,08";"0,01";"0,03";"0,15";"51,1";"10";"0,2";"0,51";"982";"0,94";"0,02";"1,18";"39,3";"1470";"22,6";"12,8";"-0,1";"-0,01";"0,29";"5,1";"-1";"0,7";"36,7";"-0,05";"0,8";"-0,05";"3,8";"0,04";"0,08";"0,52";"65";"0,2";"20,29";"1,4";"98";"2,5";"GQ2003733"
"ICP607";"-9999";"-9999";"-9999";"0,02";"0,54";"1";"-10";"110";"0,5";"0,09";"0,11";"0,15";"30,77";"3,5";"17";"0,85";"4,4";"1,36";"1,7";"-0,1";"-0,05";"-0,01";"-0,02";"0,13";"14,9";"5";"0,04";"0,12";"276";"0,34";"0,03";"1,58";"7,7";"214";"10,5";"10,7";"-0,1";"-0,01";"0,18";"1,1";"-1";"0,8";"16,4";"-0,05";"0,21";"-0,05";"4,9";"0,02";"0,08";"0,64";"15";"0,2";"4,33";"0,3";"21";"2";"GQ2003733"
"ICP608";"-9999";"-9999";"-9999";"0,03";"0,27";"1";"-10";"84";"0,3";"0,07";"0,04";"0,04";"24,11";"1,8";"8";"0,4";"1,9";"1,01";"1";"-0,1";"0,07";"-0,01";"-0,02";"0,08";"11,9";"1";"0,04";"0,03";"178";"0,27";"0,02";"0,92";"3";"99";"6,1";"5,5";"-0,1";"-0,01";"0,16";"0,7";"-1";"0,6";"10,1";"-0,05";"0,17";"-0,05";"4,3";"0,02";"0,04";"0,59";"14";"0,1";"3,48";"0,3";"8";"4,6";"GQ2003733"
"ICP609";"-9999";"-9999";"-9999";"-0,01";"0,27";"2";"-10";"86";"0,4";"0,07";"0,04";"0,04";"26,33";"1,9";"10";"0,39";"1,6";"1,13";"0,9";"-0,1";"0,08";"-0,01";"-0,02";"0,08";"12,9";"1";"0,04";"0,03";"208";"0,28";"0,02";"0,93";"3,2";"100";"6,4";"5,5";"-0,1";"-0,01";"0,17";"0,7";"-1";"0,6";"10,1";"-0,05";"0,19";"-0,05";"5";"0,02";"0,05";"0,64";"15";"0,1";"3,73";"0,3";"8";"5,8";"GQ2003733"
"ICP610";"-9999";"-9999";"-9999";"0,01";"0,8";"5";"-10";"347";"0,7";"0,09";"0,21";"0,08";"49,07";"16,1";"22";"1,08";"7,5";"2,28";"2,8";"-0,1";"0,08";"-0,01";"-0,02";"0,15";"19,9";"11";"0,09";"0,25";"1268";"0,36";"0,04";"0,99";"12,7";"652";"18,2";"12,2";"-0,1";"-0,01";"0,26";"2,3";"-1";"0,7";"21,4";"-0,05";"0,38";"-0,05";"2,8";"0,04";"0,09";"0,54";"37";"0,1";"9,52";"0,6";"61";"3,9";"GQ2003733"
"ICP611";"-10";"-10";"-10";"-0,01";"0,5";"2";"-10";"67";"0,2";"0,05";"0,08";"0,05";"13,49";"3,2";"12";"0,4";"3,2";"1,21";"1,6";"-0,1";"-0,05";"-0,01";"-0,02";"0,05";"6,2";"2";"0,03";"0,04";"274";"0,35";"0,03";"0,58";"5";"111";"3,9";"3,6";"-0,1";"-0,01";"0,11";"1,3";"-1";"0,4";"17,7";"-0,05";"0,12";"-0,05";"1,4";"0,01";"0,03";"0,3";"15";"-0,1";"2,85";"0,2";"10";"2,2";"GQ2003733"
"ICP612";"-10";"-10";"-10";"0,23";"1,16";"19";"-10";"145";"1,9";"0,25";"0,2";"0,08";"47,97";"10,9";"111";"2,47";"33,2";"2,43";"5,6";"-0,1";"0,13";"0,02";"0,03";"0,15";"29,4";"10";"0,16";"0,51";"422";"1,33";"0,03";"2,05";"39,6";"321";"22";"18,8";"-0,1";"-0,01";"1,56";"2,4";"-1";"1,8";"28,7";"-0,05";"0,73";"-0,05";"15,3";"0,05";"0,12";"2,88";"33";"1";"18,11";"1,2";"60";"6,4";"GQ2003733"
"ICP613";"-9999";"-9999";"-9999";"-0,01";"1,83";"14";"-10";"235";"1,4";"0,19";"0,51";"0,08";"78,54";"39,7";"160";"2,12";"22";"3,16";"6,8";"-0,1";"0,21";"0,02";"0,03";"0,09";"32,4";"15";"0,14";"0,95";"1035";"0,36";"0,04";"1,35";"85,2";"437";"18,7";"13";"-0,1";"0,01";"0,65";"8";"-1";"1,2";"71,2";"-0,05";"0,6";"-0,05";"6";"0,11";"0,11";"1,7";"65";"0,3";"14,8";"1";"55";"8,2";"GQ2003733"
"ICP614";"-10";"-10";"-10";"0,03";"0,67";"3";"-10";"102";"0,7";"0,06";"0,11";"0,1";"20,94";"3,2";"13";"0,73";"2,7";"0,92";"2,1";"-0,1";"-0,05";"-0,01";"-0,02";"0,07";"10,8";"3";"0,07";"0,05";"285";"0,26";"0,05";"1,18";"5,6";"120";"8,6";"6,1";"-0,1";"-0,01";"0,17";"1,2";"-1";"0,6";"31,2";"-0,05";"0,23";"-0,05";"2,7";"0,01";"0,06";"0,62";"13";"0,1";"6,33";"0,5";"14";"1,7";"GQ2003733"
"ICP615";"-10";"-10";"-10";"-0,01";"1,66";"23";"-10";"227";"1,7";"0,17";"0,41";"0,07";"59,92";"22,7";"118";"4,31";"17";"3,47";"6,8";"-0,1";"0,28";"0,02";"0,03";"0,17";"34";"17";"0,07";"0,75";"763";"0,33";"0,04";"1,47";"58,7";"811";"20,3";"19,1";"-0,1";"-0,01";"0,79";"6,2";"-1";"1,5";"62";"-0,05";"0,41";"-0,05";"5,3";"0,14";"0,12";"1,9";"69";"0,4";"8,42";"0,5";"63";"13,5";"GQ2003733"
"ICP616";"-10";"-10";"-10";"-0,01";"1,54";"24";"-10";"220";"1,6";"0,17";"0,4";"0,07";"60,32";"22,4";"115";"4,19";"15,2";"3,4";"6,5";"-0,1";"0,26";"0,02";"0,02";"0,14";"34,8";"16";"0,07";"0,74";"731";"0,27";"0,03";"1,43";"57,7";"811";"20,8";"17,7";"-0,1";"-0,01";"0,81";"5,9";"-1";"1,5";"59,6";"-0,05";"0,41";"-0,05";"5";"0,13";"0,11";"1,9";"68";"0,2";"8,38";"0,5";"62";"12,1";"GQ2003733"
"ICP617";"-9999";"-9999";"-9999";"-0,01";"0,41";"1";"-10";"106";"0,5";"0,05";"0,06";"0,02";"16,09";"2,7";"9";"0,51";"2,3";"1,09";"1,3";"-0,1";"-0,05";"-0,01";"-0,02";"0,11";"8,1";"2";"0,04";"0,06";"270";"0,26";"0,03";"0,61";"3,5";"129";"6,4";"7";"-0,1";"-0,01";"0,14";"1";"-1";"0,6";"10,1";"-0,05";"0,15";"-0,05";"1,8";"0,02";"0,05";"0,39";"12";"-0,1";"3,66";"0,3";"12";"1,8";"GQ2003733"
"ICP618";"-10";"-10";"-10";"-0,01";"0,52";"3";"-10";"83";"1";"0,1";"0,06";"0,02";"33,82";"1,9";"5";"1,08";"2,9";"0,91";"2,1";"-0,1";"0,06";"0,01";"-0,02";"0,09";"19,5";"3";"0,1";"0,04";"154";"0,54";"0,03";"1,67";"2,4";"111";"7,1";"9,4";"-0,1";"-0,01";"0,16";"0,9";"-1";"0,8";"23,1";"-0,05";"0,41";"-0,05";"10,1";"0,02";"0,07";"2,04";"10";"0,5";"10,17";"0,7";"16";"2,2";"GQ2003733"
"ICP619";"-9999";"-9999";"-9999";"0,01";"0,62";"2";"-10";"255";"0,7";"0,08";"0,18";"0,05";"34,64";"6,9";"29";"0,72";"2,9";"2,84";"2,1";"-0,1";"0,12";"-0,01";"-0,02";"0,14";"16,1";"4";"0,07";"0,12";"468";"0,49";"0,03";"0,76";"9,2";"534";"11,5";"8,6";"-0,1";"-0,01";"0,32";"1,9";"-1";"0,8";"13,1";"-0,05";"0,3";"-0,05";"3,4";"0,04";"0,06";"0,54";"45";"0,2";"7,31";"0,5";"23";"7,6";"GQ2003733"
"ICP620";"19";"-10";"-10";"-0,01";"0,66";"4";"-10";"71";"1,3";"0,14";"0,08";"0,03";"40,8";"3,6";"8";"1,47";"4,8";"1,5";"3";"-0,1";"0,2";"0,01";"-0,02";"0,12";"20,8";"5";"0,15";"0,08";"286";"0,7";"0,04";"3,32";"3,6";"155";"10,6";"14,3";"-0,1";"-0,01";"0,42";"1,3";"-1";"1,4";"20,1";"-0,05";"0,5";"-0,05";"20,5";"0,04";"0,09";"3,23";"16";"0,5";"13,7";"1,1";"24";"9,3";"GQ2003733"
"ICP621";"-9999";"-9999";"-9999";"-0,01";"0,33";"2";"-10";"87";"0,4";"0,08";"0,05";"0,03";"17,12";"2,8";"9";"0,55";"1,4";"1,07";"1,1";"-0,1";"-0,05";"-0,01";"-0,02";"0,09";"7,7";"2";"0,04";"0,05";"318";"0,27";"0,02";"0,62";"3,3";"130";"8,2";"6,6";"-0,1";"-0,01";"0,15";"0,6";"-1";"0,6";"8";"-0,05";"0,14";"-0,05";"2,7";"0,01";"0,05";"0,4";"14";"0,1";"3,29";"0,3";"10";"2,3";"GQ2003733"
"ICP622";"18";"-10";"-10";"0,15";"1,49";"32";"-10";"199";"1,8";"0,47";"0,29";"0,06";"50,01";"15,1";"82";"3,86";"18,9";"3,2";"6,3";"-0,1";"0,09";"0,04";"0,02";"0,14";"31";"27";"0,08";"0,61";"634";"0,41";"0,03";"1,36";"40,7";"571";"34,1";"18,7";"-0,1";"-0,01";"3,14";"3,9";"-1";"1,4";"47,5";"-0,05";"0,42";"-0,05";"6,6";"0,07";"0,15";"2,31";"62";"0,4";"9,73";"0,6";"80";"4,4";"GQ2003733"
"ICP623";"-9999";"-9999";"-9999";"-0,01";"0,58";"4";"-10";"209";"0,7";"0,11";"0,1";"0,05";"26,39";"6,8";"18";"0,64";"7,7";"2,35";"1,9";"-0,1";"0,07";"0,01";"-0,02";"0,12";"13,1";"4";"0,07";"0,08";"437";"0,46";"0,02";"0,57";"9,1";"238";"12,3";"9,3";"-0,1";"-0,01";"0,27";"1,7";"-1";"0,7";"9,9";"-0,05";"0,27";"-0,05";"3,7";"0,01";"0,06";"0,71";"31";"0,2";"6,31";"0,5";"22";"4,3";"GQ2003733"
"ICP624";"-9999";"-9999";"-9999";"-0,01";"0,9";"4";"-10";"117";"2";"0,13";"0,1";"0,08";"50,26";"3,9";"18";"1,44";"4";"1,41";"3,7";"-0,1";"0,08";"0,01";"0,02";"0,13";"29";"6";"0,18";"0,08";"334";"0,61";"0,04";"3,82";"6,5";"222";"18";"13,1";"-0,1";"0,02";"0,35";"1,5";"-1";"1,3";"28,1";"-0,05";"0,67";"-0,05";"14,3";"0,03";"0,1";"2,68";"17";"2,2";"17,4";"1,3";"33";"3,8";"GQ2003733"
"ICP625";"-9999";"-9999";"-9999";"-0,01";"0,64";"5";"-10";"184";"0,8";"0,1";"0,11";"0,09";"25,03";"11";"27";"0,78";"6,3";"3,04";"2,3";"-0,1";"-0,05";"-0,01";"-0,02";"0,08";"11,2";"6";"0,07";"0,13";"702";"0,43";"0,01";"0,89";"14,7";"505";"12,1";"8,3";"-0,1";"-0,01";"0,24";"1,8";"-1";"0,8";"12,6";"-0,05";"0,33";"-0,05";"3,6";"0,02";"0,06";"0,76";"42";"0,2";"7,81";"0,5";"29";"2,1";"GQ2003733"
"ICP626";"17";"-10";"-10";"-0,01";"0,63";"3";"-10";"94";"0,7";"0,07";"0,06";"0,03";"26,54";"2,2";"5";"1";"3,3";"1,06";"2,4";"-0,1";"-0,05";"0,01";"-0,02";"0,1";"14";"3";"0,07";"0,05";"247";"0,56";"0,03";"2,08";"2,5";"190";"8,9";"10,3";"-0,1";"0,01";"0,19";"0,8";"-1";"1,2";"22,7";"-0,05";"0,25";"-0,05";"6,7";"0,03";"0,06";"1,59";"9";"0,3";"6,75";"0,5";"21";"2,2";"GQ2003733"
"ICP627";"-10";"-10";"-10";"0,01";"0,48";"2";"-10";"122";"0,4";"0,09";"0,09";"0,03";"23,43";"5,4";"19";"0,62";"5";"2,23";"1,7";"-0,1";"0,09";"-0,01";"-0,02";"0,11";"10,6";"5";"0,05";"0,11";"332";"0,43";"0,03";"0,52";"7,4";"266";"7,8";"7";"-0,1";"-0,01";"0,19";"1,3";"-1";"0,7";"9";"-0,05";"0,21";"-0,05";"3,7";"0,03";"0,05";"0,51";"32";"0,1";"4,61";"0,4";"18";"5,6";"GQ2003733"
"ICP628";"147";"-10";"-10";"-0,01";"0,52";"4";"-10";"82";"1,3";"0,11";"0,06";"0,02";"41,14";"2,3";"4";"1,12";"6,9";"1,03";"2,3";"-0,1";"0,09";"0,01";"-0,02";"0,09";"23,8";"3";"0,15";"0,04";"230";"0,71";"0,03";"2,97";"2,5";"156";"19";"9";"-0,1";"0,01";"0,22";"0,9";"-1";"1,1";"20,3";"-0,05";"0,57";"-0,05";"22,8";"0,02";"0,07";"2,66";"10";"0,6";"15,38";"1,1";"22";"4,4";"GQ2003734"
"ICP629";"-9999";"-9999";"-9999";"-0,01";"0,36";"1";"-10";"97";"0,6";"0,16";"0,07";"0,1";"60,89";"3,3";"25";"0,63";"6,1";"2,55";"1,4";"-0,1";"0,2";"-0,01";"-0,02";"0,09";"29,2";"2";"0,1";"0,06";"477";"0,5";"0,02";"1,07";"8,2";"164";"12,3";"7";"-0,1";"-0,01";"0,27";"1,4";"-1";"0,8";"8,3";"-0,05";"0,4";"-0,05";"14,4";"0,04";"0,05";"1,44";"37";"0,3";"8,23";"0,7";"14";"13,1";"GQ2003734"
"ICP630";"-9999";"-9999";"-9999";"-0,01";"0,47";"2";"-10";"113";"0,6";"0,1";"0,09";"0,07";"29,6";"2,9";"17";"0,65";"7,6";"1,6";"1,6";"-0,1";"0,08";"-0,01";"-0,02";"0,13";"14,6";"4";"0,06";"0,08";"332";"0,39";"0,03";"1,06";"6,4";"193";"9,9";"9";"-0,1";"-0,01";"0,18";"1,1";"-1";"0,8";"12,6";"-0,05";"0,23";"-0,05";"5,6";"0,02";"0,06";"0,75";"18";"0,2";"5,31";"0,4";"18";"5";"GQ2003734"
"ICP631";"75";"-10";"-10";"0,32";"1,97";"47";"-10";"341";"2";"5,24";"0,39";"0,09";"63,14";"18,4";"51";"4,15";"78,1";"3,82";"7,5";"-0,1";"0,1";"0,09";"0,03";"0,2";"36,5";"23";"0,14";"0,55";"755";"0,79";"0,02";"1,17";"25,6";"635";"48,2";"24";"-0,1";"0,01";"3,9";"4,8";"-1";"1,1";"88,9";"-0,05";"0,68";"0,07";"5,4";"0,06";"0,2";"2,44";"68";"0,7";"15,72";"1";"74";"5,1";"GQ2003734"
"ICP632";"-9999";"-9999";"-9999";"-0,01";"1,25";"5";"-10";"189";"0,8";"0,11";"0,3";"0,14";"40,16";"20,4";"60";"0,86";"19,4";"4,47";"4,6";"-0,1";"0,14";"0,01";"0,02";"0,14";"20";"10";"0,1";"0,32";"791";"0,55";"0,03";"0,83";"27";"521";"14,1";"10,8";"-0,1";"0,01";"0,44";"4,9";"-1";"0,8";"21,3";"-0,05";"0,41";"-0,05";"3,8";"0,07";"0,07";"0,76";"84";"0,2";"9,59";"0,7";"50";"7,3";"GQ2003734"
"ICP633";"-10";"-10";"-10";"-0,01";"1,48";"23";"-10";"215";"2,1";"0,38";"0,34";"0,09";"71,12";"13";"74";"3";"47";"3,1";"6,6";"-0,1";"0,12";"0,02";"0,03";"0,15";"43,7";"14";"0,2";"0,44";"640";"1,39";"0,02";"2,1";"24,5";"811";"45,7";"20,9";"-0,1";"0,01";"2,09";"3,8";"-1";"1,7";"58,1";"-0,05";"0,89";"0,07";"12,1";"0,09";"0,16";"3,38";"55";"2,1";"22,93";"1,4";"59";"5";"GQ2003734"
"ICP634";"-10";"-10";"-10";"-0,01";"1,5";"6";"-10";"163";"2,1";"0,12";"0,59";"0,06";"83,81";"15,6";"110";"3,64";"25";"3,01";"5,8";"-0,1";"0,29";"0,02";"0,03";"0,32";"45,5";"19";"0,21";"0,72";"315";"0,85";"0,04";"2,55";"68,7";"1656";"9,6";"49,1";"-0,1";"-0,01";"0,34";"4,9";"-1";"1,4";"62,3";"-0,05";"0,95";"-0,05";"18,4";"0,18";"0,24";"6,09";"61";"1";"23,55";"1,5";"55";"8,1";"GQ2003734"
"ICP635";"-10";"-10";"-10";"-0,01";"1,02";"12";"-10";"134";"1,4";"0,31";"0,23";"0,05";"41,62";"10,5";"55";"3,01";"14,4";"2,84";"4,2";"-0,1";"0,08";"0,03";"-0,02";"0,16";"23,1";"19";"0,06";"0,39";"449";"0,46";"0,03";"1,48";"27,8";"668";"24,8";"16,1";"-0,1";"-0,01";"1,63";"2,5";"-1";"1,2";"22,4";"-0,05";"0,35";"-0,05";"4,7";"0,06";"0,11";"1,43";"46";"0,6";"7,05";"0,4";"44";"3,1";"GQ2003734"
"ICP636";"-10";"-10";"-10";"-0,01";"1,06";"12";"-10";"135";"1,5";"0,3";"0,23";"0,04";"41,37";"10,6";"54";"2,86";"14,8";"2,71";"4,4";"-0,1";"0,08";"0,03";"-0,02";"0,17";"23,2";"21";"0,06";"0,39";"426";"0,42";"0,03";"1,36";"27,8";"682";"23,9";"16,9";"-0,1";"-0,01";"1,57";"2,6";"-1";"1,2";"22,9";"-0,05";"0,34";"-0,05";"4,5";"0,06";"0,12";"1,48";"45";"0,6";"7,26";"0,4";"47";"3,5";"GQ2003734"
"ICP637";"13";"-10";"-10";"-0,01";"0,83";"9";"-10";"106";"1,3";"0,18";"0,47";"0,04";"65,32";"10,1";"72";"2,14";"22,7";"2,13";"3,4";"-0,1";"0,3";"-0,01";"-0,02";"0,14";"34,1";"7";"0,15";"0,36";"388";"0,68";"0,04";"3,39";"32,1";"1539";"12,9";"16,9";"-0,1";"-0,01";"0,47";"2,7";"-1";"1,4";"37,1";"-0,05";"0,68";"-0,05";"24,5";"0,22";"0,11";"3,29";"42";"1,8";"16,52";"1,1";"35";"14,1";"GQ2003734"
"ICP638";"-10";"-10";"-10";"-0,01";"0,61";"6";"-10";"87";"0,6";"0,1";"0,14";"0,03";"24,27";"5,6";"23";"1,16";"6,6";"1,36";"2,2";"-0,1";"0,07";"0,02";"-0,02";"0,1";"10,6";"10";"0,05";"0,22";"308";"0,21";"0,03";"0,57";"10";"253";"8,3";"8";"-0,1";"-0,01";"0,46";"1,6";"-1";"0,5";"12";"-0,05";"0,22";"-0,05";"2,8";"0,02";"0,06";"0,43";"22";"0,2";"5,33";"0,3";"21";"3,2";"GQ2003734"
"ICP639";"-9999";"-9999";"-9999";"-0,01";"1,81";"6";"-10";"432";"1,2";"0,14";"0,81";"0,09";"60,92";"22,6";"51";"1,06";"36,4";"4,84";"6,1";"-0,1";"0,16";"0,02";"0,03";"0,2";"27,4";"19";"0,16";"0,6";"1139";"0,61";"0,03";"1,51";"29,9";"777";"13,9";"15,5";"-0,1";"0,02";"0,37";"7,3";"-1";"0,8";"27,7";"-0,05";"0,65";"-0,05";"5,2";"0,06";"0,1";"0,9";"78";"0,1";"16,32";"1,2";"59";"7,4";"GQ2003734"
"ICP640";"-9999";"-9999";"-9999";"-0,01";"2,86";"4";"-10";"256";"0,8";"0,09";"0,85";"0,22";"39";"48,9";"143";"1,11";"77,4";"6,57";"9,3";"-0,1";"0,3";"0,02";"0,04";"0,1";"17";"18";"0,18";"1,15";"1456";"0,37";"0,02";"0,91";"58,6";"624";"14,7";"11,1";"-0,1";"0,01";"0,24";"16,1";"-1";"0,6";"34,9";"-0,05";"0,51";"-0,05";"2,3";"0,19";"0,09";"0,47";"173";"-0,1";"15,07";"1,2";"88";"13";"GQ2003734"
"ICP641";"-10";"-10";"-10";"-0,01";"1,32";"12";"-10";"195";"1,1";"0,24";"0,33";"0,06";"43,07";"13,6";"82";"2,53";"24,2";"2,51";"5,2";"-0,1";"0,1";"0,01";"-0,02";"0,12";"24,1";"11";"0,1";"0,72";"486";"0,44";"0,04";"1,14";"45,3";"515";"17,4";"14";"-0,1";"-0,01";"0,9";"4";"-1";"0,9";"49,5";"-0,05";"0,42";"-0,05";"6,1";"0,05";"0,1";"1,51";"43";"0,4";"10,06";"0,7";"43";"3,7";"GQ2003734"
"ICP642";"-10";"-10";"-10";"-0,01";"0,55";"2";"-10";"122";"0,4";"0,07";"0,12";"0,05";"27,02";"4,4";"14";"0,69";"4,9";"1,06";"1,9";"-0,1";"0,05";"0,01";"-0,02";"0,08";"14,6";"6";"0,05";"0,14";"242";"0,2";"0,04";"0,47";"7,2";"235";"6";"8";"-0,1";"-0,01";"0,16";"1,4";"-1";"0,3";"13,7";"-0,05";"0,25";"-0,05";"2,4";"0,02";"0,06";"0,45";"13";"0,1";"5,78";"0,4";"23";"2,4";"GQ2003734"
"ICP643";"-10";"-10";"-10";"-0,01";"1,38";"17";"-10";"268";"1,2";"0,16";"0,35";"0,05";"53,12";"16,3";"56";"3,35";"34,7";"3,08";"5,2";"-0,1";"0,17";"0,04";"0,02";"0,14";"30";"11";"0,07";"0,47";"729";"0,22";"0,04";"0,6";"23,9";"694";"22";"14,8";"-0,1";"-0,01";"1,08";"4,1";"-1";"0,9";"57,8";"-0,05";"0,38";"-0,05";"5,2";"0,07";"0,12";"1,33";"62";"0,2";"8,35";"0,5";"54";"7,8";"GQ2003734"
"ICP644";"-9999";"-9999";"-9999";"-0,01";"1,38";"6";"-10";"148";"0,8";"0,11";"0,19";"0,16";"31,75";"19,6";"46";"0,92";"27,6";"4,27";"4,8";"-0,1";"0,1";"-0,01";"0,02";"0,15";"15,7";"13";"0,09";"0,31";"646";"0,64";"0,02";"0,58";"31,8";"417";"12,9";"11,6";"-0,1";"-0,01";"0,31";"4,7";"-1";"0,5";"15,2";"-0,05";"0,36";"-0,05";"2,9";"0,04";"0,08";"0,54";"60";"0,1";"7,67";"0,6";"65";"5,6";"GQ2003734"
"ICP645";"-9999";"-9999";"-9999";"-0,01";"1,36";"10";"-10";"352";"1,3";"0,11";"0,34";"0,25";"69,18";"16,8";"64";"1,45";"17,5";"3,73";"4,2";"-0,1";"0,17";"0,05";"0,02";"0,24";"35";"11";"0,08";"0,41";"742";"0,47";"0,05";"1,13";"40,2";"851";"15,2";"15,1";"-0,1";"-0,01";"1,33";"4,5";"-1";"0,8";"51,7";"-0,05";"0,48";"-0,05";"5,7";"0,05";"0,09";"1,19";"59";"0,2";"9,42";"0,6";"42";"9,2";"GQ2003734"
"ICP646";"-9999";"-9999";"-9999";"-0,01";"0,76";"2";"-10";"76";"1,9";"0,16";"0,06";"0,05";"64,62";"2";"8";"1,32";"4,1";"0,89";"2,7";"-0,1";"0,11";"0,01";"-0,02";"0,13";"38,2";"6";"0,24";"0,05";"221";"0,42";"0,03";"6,81";"3,8";"125";"14,1";"14,1";"-0,1";"0,01";"0,19";"1,4";"-1";"1,1";"12,5";"-0,05";"0,75";"-0,05";"19,8";"0,02";"0,11";"3,25";"11";"0,5";"20,58";"1,7";"18";"4,4";"GQ2003734"
"ICP647";"-10";"-10";"-10";"-0,01";"0,54";"1";"-10";"41";"0,9";"0,2";"0,03";"0,02";"46,6";"0,8";"4";"1,05";"2,6";"0,72";"2,2";"-0,1";"0,12";"-0,01";"-0,02";"0,08";"26,6";"4";"0,21";"0,02";"94";"0,39";"0,02";"8,12";"2";"81";"13,3";"11,1";"-0,1";"-0,01";"0,12";"1,1";"-1";"1,4";"4,6";"-0,05";"0,54";"-0,05";"21,1";"0,03";"0,09";"2,33";"11";"1";"16,89";"1,4";"12";"5,2";"GQ2003734"
"ICP648";"11";"-10";"-10";"0,06";"0,69";"13";"-10";"83";"1,7";"1,58";"0,09";"0,03";"44,74";"4,1";"14";"1,95";"31,4";"1,63";"3,5";"-0,1";"0,14";"0,03";"0,02";"0,12";"27,5";"5";"0,15";"0,09";"279";"1,34";"0,04";"2,97";"6,1";"244";"26,9";"13,4";"-0,1";"-0,01";"0,54";"1,3";"-1";"1,5";"29,7";"-0,05";"0,6";"-0,05";"24,1";"0,05";"0,1";"3,5";"26";"1,7";"15,05";"1,1";"30";"6,5";"GQ2003734"
"ICP649";"-9999";"-9999";"-9999";"-0,01";"2,83";"6";"-10";"325";"1,1";"0,09";"0,83";"0,23";"59,45";"34,4";"86";"2,56";"60,3";"6,53";"9,7";"-0,1";"0,29";"0,01";"0,04";"0,13";"29,8";"27";"0,25";"0,84";"1176";"0,41";"0,03";"1,14";"40,4";"1177";"24,6";"14,9";"-0,1";"-0,01";"0,15";"15,3";"-1";"0,9";"50,8";"-0,05";"0,82";"-0,05";"3,4";"0,17";"0,12";"0,65";"157";"-0,1";"23,73";"1,7";"118";"12,2";"GQ2003734"
"ICP650";"-9999";"-9999";"-9999";"-0,01";"0,81";"2";"-10";"92";"0,5";"0,07";"0,26";"0,02";"22,68";"7,2";"27";"0,7";"7,6";"1,78";"2,9";"-0,1";"0,06";"-0,01";"-0,02";"0,08";"12";"6";"0,08";"0,25";"413";"0,23";"0,05";"0,64";"12,6";"284";"6,5";"8,1";"-0,1";"-0,01";"0,22";"2,7";"-1";"0,4";"25,8";"-0,05";"0,25";"-0,05";"3,1";"0,08";"0,05";"0,58";"36";"-0,1";"6,64";"0,5";"26";"2,7";"GQ2003734"
"ICP651";"-10";"-10";"-10";"0,1";"1,01";"4";"-10";"181";"0,8";"0,08";"0,26";"0,05";"42,95";"13,9";"74";"0,79";"29,3";"2,58";"3,9";"-0,1";"0,15";"0,01";"-0,02";"0,1";"23,3";"7";"0,09";"0,44";"684";"0,33";"0,05";"0,87";"32";"376";"12,5";"9,1";"-0,1";"-0,01";"0,3";"3,5";"-1";"0,8";"36";"-0,05";"0,43";"-0,05";"4,1";"0,08";"0,06";"0,73";"50";"0,1";"10,03";"0,7";"36";"7,6";"GQ2003734"
"ICP652";"-10";"-10";"-10";"0,13";"0,82";"3";"-10";"157";"0,7";"0,07";"0,22";"0,05";"35,94";"11,9";"64";"0,67";"26,6";"2,21";"3,2";"-0,1";"0,12";"0,04";"-0,02";"0,08";"19,4";"5";"0,08";"0,38";"588";"0,25";"0,04";"0,78";"29,1";"341";"11,3";"7,4";"-0,1";"-0,01";"0,32";"2,9";"-1";"0,7";"30,1";"-0,05";"0,35";"-0,05";"3,9";"0,07";"0,05";"0,64";"43";"0,1";"7,96";"0,5";"38";"6,4";"GQ2003734"
"ICP653";"-10";"-10";"-10";"-0,01";"0,8";"2";"-10";"100";"0,9";"0,13";"0,21";"0,03";"23,89";"7";"16";"0,77";"7,2";"1,79";"2,6";"-0,1";"-0,05";"-0,01";"-0,02";"0,05";"13";"5";"0,13";"0,14";"543";"0,26";"0,03";"1,08";"7";"163";"9";"6";"-0,1";"-0,01";"0,21";"2,8";"-1";"0,5";"25,6";"-0,05";"0,38";"-0,05";"3,3";"0,05";"0,06";"0,89";"39";"0,1";"11,58";"0,9";"25";"1,9";"GQ2003734"
"ICP654";"-10";"-10";"-10";"-0,01";"0,94";"7";"-10";"158";"0,9";"0,15";"0,16";"0,05";"33,17";"8,9";"51";"0,91";"11,5";"2,72";"3,5";"-0,1";"0,09";"0,01";"-0,02";"0,13";"18,4";"14";"0,06";"0,34";"457";"0,37";"0,04";"0,91";"19,5";"363";"15,5";"10,4";"-0,1";"-0,01";"0,7";"2,4";"-1";"0,8";"15";"-0,05";"0,31";"-0,05";"2,8";"0,05";"0,07";"0,66";"46";"0,3";"7,09";"0,4";"42";"5";"GQ2003734"
"ICP655";"-10";"-10";"-10";"-0,01";"0,86";"4";"-10";"100";"1,3";"0,25";"0,19";"0,02";"34,99";"6,3";"21";"1,48";"11,6";"1,75";"3,5";"-0,1";"0,06";"-0,01";"-0,02";"0,08";"20,2";"6";"0,14";"0,16";"410";"0,37";"0,03";"2,12";"7,8";"333";"15,7";"11";"-0,1";"-0,01";"0,4";"2,6";"-1";"0,9";"27,7";"-0,05";"0,47";"-0,05";"7,4";"0,05";"0,09";"1,73";"32";"0,3";"13,05";"1";"33";"2,3";"GQ2003734"
"ICP656";"-10";"-10";"-10";"-0,01";"0,86";"4";"-10";"98";"1,2";"0,24";"0,19";"0,03";"33,86";"6";"20";"1,46";"11,3";"1,66";"3,5";"-0,1";"-0,05";"-0,01";"-0,02";"0,09";"19,6";"6";"0,13";"0,16";"377";"0,37";"0,03";"2,07";"7,8";"311";"14,7";"11,1";"-0,1";"-0,01";"0,38";"2,6";"-1";"0,9";"28,4";"-0,05";"0,45";"-0,05";"6,8";"0,05";"0,09";"1,69";"30";"0,3";"12,53";"0,9";"31";"2,1";"GQ2003734"
"ICP657";"-10";"-10";"-10";"-0,01";"1,24";"5";"-10";"152";"1,6";"0,13";"0,22";"0,07";"46,89";"14,7";"14";"1,28";"8,8";"2,55";"4,4";"-0,1";"0,05";"-0,01";"0,02";"0,06";"22,8";"8";"0,18";"0,18";"979";"0,38";"0,03";"1,33";"8,3";"358";"14,7";"12";"-0,1";"0,01";"0,16";"3,8";"-1";"0,7";"31,4";"-0,05";"0,67";"-0,05";"4,1";"0,04";"0,12";"0,97";"48";"0,1";"18,5";"1,3";"45";"1,6";"GQ2003734"
"ICP658";"-10";"-10";"-10";"-0,01";"0,83";"3";"-10";"95";"0,5";"0,09";"0,35";"0,03";"26,88";"9,1";"38";"0,91";"16,7";"2,03";"3,3";"-0,1";"0,06";"-0,01";"-0,02";"0,06";"12,7";"5";"0,09";"0,17";"599";"0,41";"0,03";"0,72";"8,8";"516";"14,1";"6,1";"-0,1";"-0,01";"0,51";"3,4";"-1";"0,5";"35,4";"-0,05";"0,26";"-0,05";"4,5";"0,11";"0,05";"1,21";"61";"0,1";"7,39";"0,6";"28";"3,2";"GQ2003734"
"ICP659";"-10";"-10";"-10";"-0,01";"1,72";"7";"-10";"150";"1";"0,11";"0,23";"0,22";"36,82";"26,4";"57";"0,99";"36,5";"4,7";"5,9";"-0,1";"0,1";"0,02";"0,03";"0,18";"18,4";"15";"0,11";"0,38";"799";"0,82";"0,03";"0,73";"39,5";"483";"16,9";"14,4";"-0,1";"-0,01";"0,3";"5,8";"-1";"0,6";"16,9";"-0,05";"0,42";"-0,05";"3,3";"0,05";"0,09";"0,59";"70";"0,1";"9,51";"0,8";"77";"5,7";"GQ2003734"
"ICP660";"-10";"-10";"-10";"0,04";"0,53";"2";"-10";"117";"0,5";"0,08";"0,11";"0,02";"16,78";"3,1";"13";"0,64";"7,8";"1,52";"1,8";"-0,1";"0,07";"-0,01";"-0,02";"0,16";"8";"4";"0,04";"0,1";"277";"0,39";"0,05";"0,48";"4,7";"181";"8,3";"9,5";"-0,1";"-0,01";"0,19";"1,1";"-1";"0,5";"15,3";"-0,05";"0,15";"-0,05";"2,7";"0,02";"0,06";"0,48";"16";"0,1";"3,83";"0,3";"15";"3,9";"GQ2003734"
"ICP661";"-10";"-10";"-10";"-0,01";"2,18";"13";"-10";"291";"1,2";"0,13";"0,51";"0,08";"52,2";"24,6";"181";"1,71";"36,7";"3,49";"8,7";"-0,1";"0,38";"0,05";"0,03";"0,1";"27,7";"17";"0,09";"1,25";"806";"0,21";"0,05";"0,84";"108,5";"476";"19";"12,2";"-0,1";"-0,01";"0,68";"7,8";"-1";"1";"77,4";"-0,05";"0,4";"-0,05";"3,6";"0,11";"0,08";"1,51";"67";"0,3";"9,47";"0,6";"67";"14,6";"GQ2003734"
"ICP662";"-10";"-10";"-10";"-0,01";"0,9";"3";"-10";"217";"1,1";"0,13";"0,18";"0,06";"34,04";"5,7";"21";"1,22";"7,9";"1,57";"3,1";"-0,1";"0,07";"0,02";"-0,02";"0,1";"18,9";"11";"0,1";"0,23";"466";"0,28";"0,02";"0,7";"10,3";"326";"9,9";"14,2";"-0,1";"0,01";"0,27";"2,1";"-1";"0,6";"14,2";"-0,05";"0,42";"-0,05";"2,3";"0,03";"0,09";"0,8";"27";"0,2";"11,1";"0,7";"33";"2";"GQ2003734"
"ICP663";"-10";"-10";"-10";"-0,01";"1";"4";"-10";"209";"1,1";"0,13";"0,2";"0,06";"33,87";"7,9";"22";"1,41";"7,1";"2,09";"3,3";"-0,1";"0,08";"-0,01";"-0,02";"0,12";"17,9";"15";"0,1";"0,27";"692";"0,45";"0,02";"0,71";"11,9";"330";"13,1";"14,2";"-0,1";"-0,01";"0,29";"2,3";"-1";"0,6";"14,2";"-0,05";"0,42";"-0,05";"2,9";"0,03";"0,1";"0,81";"32";"0,2";"11,01";"0,7";"40";"3,6";"GQ2003734"
"ICP664";"-9999";"-9999";"-9999";"-0,01";"1,07";"3";"-10";"246";"0,9";"0,08";"0,35";"0,04";"44,15";"12,1";"33";"0,76";"13,9";"3,08";"4";"-0,1";"0,19";"-0,01";"-0,02";"0,13";"20,7";"12";"0,11";"0,37";"625";"0,46";"0,04";"1,22";"14,4";"924";"12,7";"9,9";"-0,1";"0,01";"0,2";"3,8";"-1";"0,7";"30,5";"-0,05";"0,43";"-0,05";"2,7";"0,1";"0,07";"0,7";"55";"-0,1";"11,09";"0,8";"45";"9,4";"GQ2003734"
"ICP665";"-9999";"-9999";"-9999";"-0,01";"2,02";"4";"-10";"258";"0,8";"0,09";"0,54";"0,14";"41,51";"37,7";"74";"1,06";"44,4";"5,32";"6,9";"-0,1";"0,15";"0,02";"0,03";"0,1";"18,9";"17";"0,14";"0,73";"1206";"0,45";"0,02";"0,87";"36,3";"632";"15,9";"12,1";"-0,1";"-0,01";"0,22";"9,7";"-1";"0,7";"26,6";"-0,05";"0,5";"-0,05";"2,8";"0,13";"0,09";"0,62";"124";"-0,1";"13,77";"1";"69";"6,6";"GQ2003734"
"ICP666";"-10";"11";"-10";"1,47";"1,74";"11";"-10";"616";"0,8";"0,12";"0,55";"0,04";"43,88";"22,4";"179";"1,11";"231,9";"3,82";"6,4";"-0,1";"0,29";"0,06";"0,02";"0,11";"21";"17";"0,07";"1,49";"668";"0,39";"0,06";"0,76";"96,9";"713";"15,4";"10";"-0,1";"0,02";"1,26";"6,1";"-1";"1,2";"66,5";"-0,05";"0,3";"-0,05";"2,8";"0,12";"0,06";"1,06";"73";"0,3";"6,82";"0,5";"60";"13,9";"GQ2003734"
"ICP667";"-10";"-10";"-10";"-0,01";"0,75";"4";"-10";"125";"0,8";"0,11";"0,16";"0,02";"27,67";"6,6";"35";"0,8";"6,5";"2,46";"2,8";"-0,1";"0,1";"0,01";"-0,02";"0,12";"17";"10";"0,06";"0,23";"359";"0,35";"0,04";"0,99";"15";"358";"10,6";"9,6";"-0,1";"-0,01";"0,35";"1,9";"-1";"1,1";"15,7";"-0,05";"0,26";"-0,05";"4";"0,06";"0,06";"0,75";"44";"0,3";"6,14";"0,4";"26";"5,6";"GQ2003734"
"ICP668";"15";"-10";"-10";"-0,01";"0,59";"2";"-10";"124";"0,5";"0,08";"0,15";"0,04";"49,59";"8,6";"48";"0,4";"7,7";"3,62";"3,3";"-0,1";"0,17";"-0,01";"-0,02";"0,09";"26,1";"3";"0,08";"0,19";"429";"0,3";"0,04";"0,85";"13,2";"318";"13,8";"6,4";"-0,1";"-0,01";"0,22";"1,9";"-1";"1";"20,6";"-0,05";"0,36";"-0,05";"10,9";"0,1";"0,05";"0,79";"87";"-0,1";"7,54";"0,6";"27";"8,1";"GQ2003734"
"ICP669";"-10";"-10";"-10";"-0,01";"1,24";"9";"-10";"146";"1,3";"0,15";"0,16";"0,24";"31,41";"27,7";"45";"0,88";"35,3";"4,86";"4,9";"0,1";"0,07";"0,01";"0,03";"0,15";"13,9";"15";"0,13";"0,25";"1055";"1,02";"0,02";"0,59";"46,3";"651";"17,9";"11,9";"-0,1";"0,01";"0,44";"4,6";"-1";"0,5";"15,2";"-0,05";"0,54";"-0,05";"3";"0,02";"0,08";"0,64";"47";"0,1";"11,74";"1";"76";"3,3";"GQ2003734"
"ICP670";"-10";"-10";"-10";"-0,01";"2,39";"6";"-10";"142";"0,7";"0,08";"0,55";"0,24";"31,45";"41,8";"74";"1,05";"70,4";"6,28";"8,1";"0,1";"0,15";"-0,01";"0,03";"0,13";"14,2";"18";"0,15";"0,9";"1360";"0,47";"0,02";"0,71";"44,9";"615";"13,3";"16,5";"-0,1";"-0,01";"0,14";"11,7";"-1";"0,7";"15,8";"-0,05";"0,48";"-0,05";"2,3";"0,14";"0,12";"0,41";"147";"-0,1";"13,96";"1,1";"86";"4,9";"GQ2003734"
"ICP671";"-10";"-10";"-10";"-0,01";"2,49";"14";"-10";"197";"0,9";"0,12";"0,41";"0,48";"40,15";"42,7";"80";"1,29";"68,7";"6,62";"8,5";"-0,1";"0,12";"-0,01";"0,03";"0,17";"17,3";"23";"0,13";"0,81";"1099";"0,64";"0,02";"0,94";"45,3";"598";"49,3";"21,7";"-0,1";"-0,01";"0,24";"10,2";"-1";"0,6";"12,9";"-0,05";"0,46";"-0,05";"3";"0,12";"0,16";"0,48";"131";"-0,1";"11,39";"0,9";"153";"5,1";"GQ2003734"
"ICP672";"-10";"-10";"-10";"-0,01";"2,47";"11";"-10";"168";"1";"0,12";"0,33";"0,21";"51,31";"34,2";"75";"1,2";"65,1";"7,63";"8";"-0,1";"0,18";"0,02";"0,04";"0,2";"26,5";"32";"0,12";"0,68";"1003";"0,73";"0,02";"0,97";"49,4";"709";"21,2";"20,3";"-0,1";"-0,01";"0,27";"8,5";"-1";"0,6";"13,3";"-0,05";"0,54";"-0,05";"4,2";"0,08";"0,14";"0,5";"133";"0,1";"11,28";"0,9";"121";"4,7";"GQ2003735"
"ICP673";"-10";"-10";"-10";"-0,01";"1,87";"5";"-10";"176";"0,7";"0,05";"0,5";"0,06";"26,08";"23,4";"54";"0,75";"23,4";"4,24";"5,6";"-0,1";"0,14";"0,01";"-0,02";"0,1";"15,2";"13";"0,15";"0,79";"1151";"0,37";"0,04";"0,62";"35,1";"474";"11,5";"8,1";"-0,1";"-0,01";"0,32";"6,8";"-1";"0,5";"40,3";"-0,05";"0,4";"-0,05";"2,3";"0,09";"0,06";"0,52";"81";"-0,1";"11,96";"1,1";"62";"4,1";"GQ2003735"
"ICP674";"-10";"-10";"-10";"-0,01";"0,93";"4";"-10";"154";"0,9";"0,06";"0,26";"0,03";"38,93";"12,2";"74";"0,78";"11,4";"2,25";"3,2";"-0,1";"0,19";"0,03";"-0,02";"0,1";"24,7";"7";"0,09";"0,47";"552";"0,32";"0,04";"0,98";"34,4";"310";"13,9";"8,9";"-0,1";"-0,01";"0,24";"3,3";"-1";"1";"31,4";"-0,05";"0,42";"-0,05";"3";"0,07";"0,07";"0,65";"40";"0,1";"9,88";"0,7";"35";"8,1";"GQ2003735"
"ICP675";"-10";"-10";"-10";"-0,01";"1,31";"8";"-10";"105";"0,8";"0,06";"0,14";"0,53";"33,2";"24,2";"53";"0,64";"39,5";"4,94";"4,8";"-0,1";"0,07";"0,01";"0,02";"0,08";"19,4";"16";"0,1";"0,27";"821";"1,14";"-0,01";"0,58";"37,5";"438";"20,8";"7,5";"-0,1";"0,01";"0,17";"5,4";"-1";"0,5";"6,4";"-0,05";"0,41";"-0,05";"2,1";"0,02";"0,07";"0,42";"70";"-0,1";"9";"0,7";"110";"2,1";"GQ2003735"
"ICP676";"-10";"-10";"-10";"-0,01";"1,1";"6";"-10";"86";"0,6";"0,05";"0,11";"0,41";"28,93";"20,1";"46";"0,57";"32,6";"4,32";"4,1";"-0,1";"0,06";"-0,01";"-0,02";"0,06";"16,6";"14";"0,08";"0,23";"670";"0,94";"-0,01";"0,51";"30,6";"370";"16,6";"6,1";"-0,1";"-0,01";"0,15";"4,2";"-1";"0,4";"4,2";"-0,05";"0,33";"-0,05";"1,9";"0,02";"0,06";"0,35";"60";"-0,1";"7,05";"0,6";"98";"1,7";"GQ2003735"
"ICP677";"-10";"-10";"-10";"-0,01";"1,19";"7";"-10";"263";"1,3";"0,12";"0,25";"0,04";"44,17";"10,6";"29";"0,95";"8,4";"2,68";"3,5";"-0,1";"0,09";"0,01";"-0,02";"0,12";"26,3";"13";"0,12";"0,26";"1084";"0,33";"0,03";"0,52";"14,2";"447";"15,8";"12,7";"-0,1";"-0,01";"0,27";"3,1";"-1";"0,7";"18,5";"-0,05";"0,49";"-0,05";"3,5";"0,02";"0,11";"0,86";"44";"0,2";"12,58";"0,9";"39";"3";"GQ2003735"
"ICP678";"-10";"-10";"-10";"-0,01";"0,92";"-1";"-10";"51";"0,2";"0,02";"0,34";"0,03";"6,01";"5,8";"6";"0,46";"6,8";"1,63";"2,9";"-0,1";"-0,05";"-0,01";"-0,02";"0,03";"3,2";"3";"0,05";"0,16";"476";"0,18";"0,05";"0,25";"4,4";"160";"3,8";"2,5";"-0,1";"-0,01";"-0,05";"2,7";"-1";"-0,3";"39,3";"-0,05";"0,12";"-0,05";"0,6";"0,06";"0,02";"0,15";"39";"-0,1";"3,63";"0,3";"28";"1,2";"GQ2003735"
"ICP679";"-10";"-10";"-10";"-0,01";"1,02";"-1";"-10";"56";"0,3";"0,03";"0,36";"0,03";"6,53";"6,4";"7";"0,51";"8,3";"1,74";"3,1";"-0,1";"0,05";"-0,01";"-0,02";"0,03";"3,5";"4";"0,05";"0,17";"521";"0,21";"0,05";"0,26";"4,9";"175";"4";"2,6";"-0,1";"-0,01";"-0,05";"2,8";"-1";"-0,3";"42,7";"-0,05";"0,12";"-0,05";"0,6";"0,05";"0,03";"0,17";"42";"-0,1";"4,06";"0,4";"31";"1,2";"GQ2003735"
"ICP680";"-10";"-10";"-10";"-0,01";"0,97";"2";"-10";"98";"0,5";"0,04";"0,22";"0,03";"17,27";"7,2";"23";"0,63";"9,7";"1,76";"3,1";"-0,1";"0,07";"-0,01";"-0,02";"0,08";"9,2";"7";"0,07";"0,23";"568";"0,24";"0,06";"0,47";"11,8";"173";"5,3";"6,7";"-0,1";"-0,01";"-0,05";"2,8";"-1";"0,4";"31,1";"-0,05";"0,18";"-0,05";"1,8";"0,05";"0,05";"0,38";"36";"-0,1";"5,45";"0,4";"25";"3,1";"GQ2003735"
"ICP681";"-10";"-10";"-10";"-0,01";"0,34";"1";"-10";"73";"0,3";"0,05";"0,05";"-0,01";"15,76";"1,9";"10";"0,57";"2,9";"1";"1";"-0,1";"-0,05";"-0,01";"-0,02";"0,07";"9,5";"3";"0,04";"0,05";"192";"0,26";"0,02";"0,36";"2,8";"103";"4,6";"5,7";"-0,1";"-0,01";"0,08";"1";"-1";"0,4";"5,8";"-0,05";"0,16";"-0,05";"1,6";"0,01";"0,05";"0,31";"13";"-0,1";"4,02";"0,3";"9";"1,3";"GQ2003735"
"ICP682";"-10";"-10";"-10";"-0,01";"1,67";"8";"-10";"259";"0,9";"0,07";"0,55";"0,05";"49,02";"28,5";"183";"0,92";"26,3";"3,63";"5,7";"-0,1";"0,46";"-0,01";"0,02";"0,09";"24,9";"13";"0,08";"1,52";"969";"0,22";"0,06";"0,76";"120,1";"621";"13";"7,6";"-0,1";"-0,01";"0,44";"6,6";"-1";"0,8";"61,1";"-0,05";"0,35";"-0,05";"2,9";"0,16";"0,05";"1,04";"74";"0,2";"7,92";"0,6";"59";"21,6";"GQ2003735"
"ICP683";"-10";"-10";"-10";"-0,01";"0,74";"6";"-10";"176";"1";"0,09";"0,15";"0,05";"37,5";"8,9";"37";"1,17";"11";"2,63";"2,5";"-0,1";"0,06";"-0,01";"-0,02";"0,12";"22,1";"10";"0,09";"0,25";"603";"0,38";"0,03";"0,97";"15";"508";"18,2";"12,4";"-0,1";"-0,01";"0,27";"2,1";"-1";"0,8";"12,2";"-0,05";"0,35";"-0,05";"2,6";"0,03";"0,1";"0,64";"41";"0,2";"8,7";"0,6";"41";"2,4";"GQ2003735"
"ICP684";"-10";"-10";"-10";"-0,01";"0,51";"-1";"-10";"78";"0,4";"0,05";"0,17";"0,01";"29,94";"3,8";"13";"0,52";"5,5";"1,98";"2";"-0,1";"0,06";"-0,01";"-0,02";"0,08";"18,2";"4";"0,06";"0,11";"284";"0,23";"0,04";"0,59";"5,5";"250";"6,4";"6,9";"-0,1";"-0,01";"0,05";"1,8";"-1";"0,6";"15,3";"-0,05";"0,24";"-0,05";"5,4";"0,08";"0,05";"0,6";"45";"-0,1";"5,33";"0,4";"18";"3,1";"GQ2003735"
"ICP685";"-10";"-10";"-10";"-0,01";"0,85";"1";"-10";"41";"0,2";"-0,02";"0,34";"0,02";"4,52";"6,4";"11";"0,38";"8,7";"1,83";"2,6";"-0,1";"-0,05";"-0,01";"-0,02";"0,02";"2,3";"3";"0,04";"0,2";"479";"0,22";"0,05";"0,3";"5";"135";"3,3";"1,9";"-0,1";"-0,01";"0,06";"3,2";"-1";"0,4";"30,4";"-0,05";"0,1";"-0,05";"0,6";"0,07";"0,02";"0,13";"46";"-0,1";"3,3";"0,3";"23";"1";"GQ2003735"
"ICP686";"-10";"-10";"-10";"-0,01";"1,31";"5";"-10";"145";"0,9";"0,08";"0,35";"0,03";"42,24";"14,2";"109";"1,26";"16,8";"2,88";"4,3";"-0,1";"0,3";"0,02";"0,02";"0,1";"24,3";"13";"0,08";"0,84";"519";"0,31";"0,04";"0,93";"54,4";"408";"12,3";"9,4";"-0,1";"-0,01";"0,36";"4,8";"-1";"1";"33,7";"-0,05";"0,38";"-0,05";"3,2";"0,11";"0,06";"0,91";"56";"0,2";"8,33";"0,6";"43";"13,6";"GQ2003735"
"ICP687";"-10";"-10";"-10";"-0,01";"1,1";"6";"-10";"207";"1,2";"0,11";"0,21";"0,04";"43,68";"10,7";"81";"1,3";"10,9";"3,23";"3,6";"-0,1";"0,13";"-0,01";"-0,02";"0,16";"26,7";"14";"0,11";"0,3";"554";"0,58";"0,04";"0,99";"33,3";"554";"22,1";"15,8";"-0,1";"-0,01";"0,35";"2,9";"-1";"0,9";"17,2";"-0,05";"0,45";"-0,05";"3,8";"0,04";"0,12";"0,81";"51";"0,3";"11,03";"0,8";"57";"6,2";"GQ2003735"
"ICP688";"-10";"-10";"-10";"-0,01";"0,9";"5";"-10";"169";"0,9";"0,11";"0,16";"0,03";"37,6";"7,7";"64";"0,98";"11,4";"2,92";"2,9";"-0,1";"0,08";"0,01";"-0,02";"0,12";"23,8";"10";"0,09";"0,23";"411";"0,46";"0,03";"0,83";"23,5";"435";"15,5";"12";"-0,1";"-0,01";"0,29";"2,3";"-1";"0,9";"13,1";"-0,05";"0,38";"-0,05";"3,2";"0,03";"0,09";"0,63";"46";"0,2";"9,38";"0,7";"41";"4,2";"GQ2003735"
"ICP689";"-10";"-10";"-10";"-0,01";"0,85";"4";"-10";"164";"0,7";"0,1";"0,14";"0,03";"34,77";"6,6";"41";"0,97";"7,5";"2,65";"2,7";"-0,1";"0,09";"-0,01";"-0,02";"0,13";"22,4";"10";"0,08";"0,21";"443";"0,38";"0,03";"0,67";"13,8";"365";"14,6";"12";"-0,1";"-0,01";"0,25";"2,1";"-1";"0,6";"12,7";"-0,05";"0,35";"-0,05";"3,1";"0,03";"0,08";"0,59";"41";"0,2";"8,8";"0,6";"33";"4,3";"GQ2003735"
"ICP690";"-10";"-10";"-10";"-0,01";"0,7";"-1";"-10";"54";"0,2";"0,03";"0,27";"0,03";"7,57";"4,5";"12";"0,44";"5,9";"1,6";"2,4";"-0,1";"-0,05";"-0,01";"-0,02";"0,04";"4";"3";"0,04";"0,13";"392";"0,16";"0,05";"0,28";"5,3";"173";"4,5";"3,8";"-0,1";"-0,01";"-0,05";"2,1";"-1";"-0,3";"35";"-0,05";"0,1";"-0,05";"1";"0,07";"0,03";"0,19";"41";"-0,1";"3,06";"0,3";"23";"1,5";"GQ2003735"
"ICP691";"-10";"-10";"-10";"-0,01";"0,72";"-1";"-10";"53";"0,2";"0,03";"0,28";"0,03";"7,25";"4,5";"11";"0,44";"5,7";"1,65";"2,4";"-0,1";"-0,05";"-0,01";"-0,02";"0,04";"3,8";"3";"0,04";"0,12";"400";"0,18";"0,06";"0,27";"3,6";"166";"4,3";"3,7";"-0,1";"-0,01";"-0,05";"2,1";"-1";"0,3";"35,9";"-0,05";"0,1";"-0,05";"0,9";"0,07";"0,03";"0,18";"40";"-0,1";"2,96";"0,3";"22";"1,6";"GQ2003735"
"ICP692";"-10";"-10";"-10";"-0,01";"0,92";"1";"-10";"122";"0,6";"0,06";"0,31";"0,03";"28,77";"10,5";"44";"0,69";"11,4";"2,28";"3,3";"-0,1";"0,11";"-0,01";"-0,02";"0,1";"17,2";"7";"0,14";"0,22";"699";"0,51";"0,05";"0,87";"20,5";"361";"8,7";"10,9";"-0,1";"-0,01";"-0,05";"3,8";"-1";"0,6";"23";"-0,05";"0,39";"-0,05";"3,6";"0,14";"0,07";"0,73";"41";"-0,1";"11,19";"1";"41";"3,4";"GQ2003735"
"ICP693";"-10";"-10";"-10";"-0,01";"0,88";"-1";"-10";"134";"0,6";"0,08";"0,39";"0,02";"31,29";"9,6";"8";"0,67";"9,2";"2,35";"3";"-0,1";"0,11";"-0,01";"-0,02";"0,09";"19,5";"6";"0,13";"0,23";"581";"0,38";"0,05";"0,97";"5,7";"424";"8,3";"8,5";"-0,1";"-0,01";"-0,05";"4";"-1";"0,7";"24,2";"-0,05";"0,39";"-0,05";"3,3";"0,23";"0,06";"0,66";"48";"-0,1";"11,11";"0,9";"30";"4,2";"GQ2003735"
"ICP694";"-10";"-10";"-10";"-0,01";"0,41";"-1";"-10";"143";"0,3";"0,07";"0,15";"0,01";"76,69";"7";"54";"0,19";"3,2";"5,06";"2,8";"-0,1";"0,19";"0,03";"-0,02";"0,09";"43,5";"-1";"0,06";"0,06";"345";"0,33";"0,04";"0,56";"10,9";"337";"16,3";"3,5";"-0,1";"-0,01";"0,11";"1,3";"-1";"0,9";"13,5";"-0,05";"0,35";"-0,05";"16,2";"0,09";"0,02";"0,77";"130";"-0,1";"6,04";"0,5";"14";"8,7";"GQ2003735"
"ICP695";"-10";"-10";"-10";"-0,01";"0,66";"2";"-10";"146";"0,6";"0,05";"0,15";"0,02";"45,09";"7,5";"54";"0,46";"6,8";"3";"2,7";"-0,1";"0,1";"-0,01";"-0,02";"0,11";"27,8";"4";"0,07";"0,14";"435";"0,43";"0,04";"0,81";"19,3";"278";"12,8";"8,7";"-0,1";"-0,01";"0,1";"2";"-1";"0,9";"21,9";"-0,05";"0,37";"-0,05";"5,8";"0,06";"0,06";"0,63";"63";"-0,1";"7,72";"0,5";"31";"4,8";"GQ2003735"
"ICP696";"-10";"-10";"-10";"-0,01";"1,14";"-1";"-10";"156";"0,8";"0,07";"0,47";"0,04";"37,01";"12,1";"14";"0,83";"9,3";"2,69";"3,9";"-0,1";"0,11";"-0,01";"0,02";"0,12";"20,3";"9";"0,17";"0,28";"1041";"0,49";"0,08";"1,48";"10,5";"411";"9,2";"13";"-0,1";"0,01";"-0,05";"5";"-1";"0,8";"31,1";"-0,05";"0,49";"-0,05";"3,4";"0,26";"0,08";"0,77";"50";"-0,1";"13,84";"1,2";"39";"3,7";"GQ2003735"
"ICP697";"-10";"-10";"-10";"-0,01";"0,72";"-1";"-10";"99";"0,5";"0,06";"0,38";"0,02";"42,25";"5,3";"8";"0,71";"6,1";"2,06";"2,5";"-0,1";"0,21";"-0,01";"-0,02";"0,13";"25,2";"6";"0,12";"0,2";"509";"0,33";"0,06";"1,42";"4,1";"627";"8,2";"10,5";"-0,1";"-0,01";"-0,05";"3,3";"-1";"0,7";"17,5";"-0,05";"0,39";"-0,05";"6,2";"0,33";"0,06";"0,96";"37";"-0,1";"9,76";"0,8";"23";"7,4";"GQ2003735"
"ICP698";"-10";"-10";"-10";"-0,01";"0,98";"5";"-10";"221";"1";"0,13";"0,23";"0,04";"39,62";"8,1";"40";"0,88";"7,5";"2,43";"3,1";"-0,1";"0,13";"-0,01";"-0,02";"0,17";"23";"14";"0,09";"0,31";"757";"0,44";"0,03";"0,67";"20,5";"330";"14,2";"12,7";"-0,1";"-0,01";"0,34";"2,3";"-1";"0,7";"20";"-0,05";"0,4";"-0,05";"4,5";"0,03";"0,09";"0,83";"36";"0,2";"9,61";"0,7";"39";"5,7";"GQ2003735"
"ICP699";"-10";"-10";"-10";"-0,01";"0,84";"8";"-10";"158";"1,2";"0,14";"0,23";"0,03";"43,12";"8,8";"176";"1,14";"11,6";"2,77";"2,6";"-0,1";"0,1";"-0,01";"-0,02";"0,15";"22,5";"11";"0,07";"0,24";"587";"1,12";"0,02";"1,14";"77,7";"430";"22,2";"12,8";"-0,1";"0,01";"0,48";"1,8";"-1";"1,1";"14,2";"-0,05";"0,36";"-0,05";"3,3";"0,04";"0,1";"0,72";"42";"0,4";"7,61";"0,6";"70";"4,1";"GQ2003735"
"ICP700";"-10";"-10";"-10";"-0,01";"0,76";"-1";"-10";"102";"0,5";"0,02";"0,11";"0,01";"56,52";"3,8";"11";"0,64";"4,8";"1,64";"2,7";"-0,1";"-0,05";"-0,01";"-0,02";"0,16";"26,5";"5";"0,09";"0,16";"229";"0,27";"0,04";"1,27";"5,6";"146";"7,2";"11,3";"-0,1";"-0,01";"-0,05";"2,2";"-1";"0,8";"17,4";"-0,05";"0,28";"-0,05";"2,9";"0,05";"0,07";"0,84";"26";"-0,1";"7,23";"0,6";"20";"1,7";"GQ2003735"
"ICP701";"-10";"-10";"-10";"-0,01";"1,83";"7";"-10";"413";"2,3";"0,17";"0,42";"0,09";"65,91";"9,7";"26";"1,37";"11,8";"2,38";"4,5";"-0,1";"0,11";"0,02";"0,02";"0,16";"41,2";"16";"0,2";"0,2";"960";"0,31";"0,02";"0,6";"14,2";"409";"21,9";"16,2";"-0,1";"0,01";"0,27";"3,7";"-1";"1";"31,7";"-0,05";"0,88";"-0,05";"4";"0,01";"0,15";"1,94";"39";"0,2";"22,82";"1,4";"49";"3,2";"GQ2003735"
"ICP702";"-9999";"-9999";"-9999";"-0,01";"0,77";"3";"-10";"140";"0,7";"0,11";"0,18";"0,04";"31,71";"6,2";"37";"0,97";"12,4";"2,13";"2,7";"-0,1";"0,09";"-0,01";"-0,02";"0,13";"20,3";"10";"0,07";"0,25";"480";"0,34";"0,02";"0,8";"15,9";"229";"13,7";"12,2";"-0,1";"-0,01";"0,3";"1,8";"-1";"0,8";"10,2";"-0,05";"0,31";"-0,05";"4,3";"0,03";"0,09";"0,6";"36";"0,2";"7,03";"0,5";"33";"4,3";"GQ2003735"
"ICP703";"-9999";"-9999";"-9999";"-0,01";"0,77";"3";"-10";"146";"0,8";"0,15";"0,2";"0,05";"35,33";"7,2";"55";"1,04";"7,1";"3,03";"3,1";"-0,1";"0,11";"-0,01";"-0,02";"0,12";"23,5";"10";"0,08";"0,27";"540";"0,41";"0,02";"0,86";"20,4";"287";"42,9";"12,2";"-0,1";"-0,01";"0,4";"1,9";"-1";"0,9";"9,4";"-0,05";"0,34";"-0,05";"7,1";"0,05";"0,09";"0,7";"60";"0,3";"8,02";"0,6";"35";"5,3";"GQ2003735"
"ICP704";"-10";"-10";"-10";"-0,01";"0,59";"3";"-10";"129";"0,7";"0,06";"0,11";"0,02";"56,03";"6";"34";"0,58";"5,9";"2,65";"2,2";"-0,1";"0,08";"-0,01";"-0,02";"0,13";"31,5";"4";"0,07";"0,1";"435";"0,41";"0,03";"0,57";"8,7";"254";"15,7";"9,1";"-0,1";"-0,01";"0,09";"1,7";"-1";"0,8";"17,7";"-0,05";"0,41";"-0,05";"6,8";"0,03";"0,06";"0,85";"51";"-0,1";"7,5";"0,6";"21";"4,5";"GQ2003735"
"ICP705";"-9999";"-9999";"-9999";"-0,01";"0,78";"9";"-10";"149";"1,4";"0,15";"0,15";"0,04";"55";"6,5";"46";"1,57";"6,5";"2,32";"2,5";"-0,1";"0,1";"0,02";"0,02";"0,16";"28";"8";"0,09";"0,18";"576";"0,58";"0,02";"1,37";"20";"261";"37,7";"15";"-0,1";"-0,01";"0,43";"1,7";"-1";"1,3";"15,9";"-0,05";"0,43";"-0,05";"3,7";"0,04";"0,12";"0,66";"36";"0,3";"8,78";"0,6";"28";"4,5";"GQ2003735"
"ICP706";"-10";"-10";"-10";"-0,01";"1,01";"9";"-10";"185";"1,8";"0,14";"0,22";"0,03";"51,08";"9,1";"30";"1,22";"9,9";"2,71";"3,1";"-0,1";"0,2";"0,02";"0,02";"0,18";"32,3";"13";"0,14";"0,28";"768";"0,47";"0,03";"1,06";"15,6";"488";"25";"14,3";"-0,1";"-0,01";"0,41";"2,6";"-1";"1,1";"21,3";"-0,05";"0,58";"-0,05";"4,2";"0,04";"0,12";"1,03";"42";"0,2";"13,58";"1";"34";"8,7";"GQ2003735"
"ICP707";"-10";"-10";"-10";"-0,01";"1,76";"8";"-10";"289";"1,9";"0,1";"0,42";"0,06";"96,83";"26";"121";"0,72";"21";"4,31";"5,8";"-0,1";"0,19";"0,02";"0,03";"0,1";"61,7";"14";"0,26";"0,44";"1184";"0,43";"0,03";"1,18";"50,9";"572";"22,8";"10,2";"-0,1";"0,01";"0,26";"7,6";"-1";"1,1";"65,2";"-0,05";"1,23";"-0,05";"4,3";"0,09";"0,08";"1,25";"87";"-0,1";"28,93";"1,9";"56";"8,1";"GQ2003735"
"ICP708";"-10";"-10";"-10";"-0,01";"2,31";"6";"-10";"435";"1,4";"0,13";"0,46";"0,07";"56,33";"21,3";"76";"1,52";"27,8";"4,71";"6,7";"-0,1";"0,22";"0,01";"0,03";"0,19";"37,7";"24";"0,19";"0,76";"1145";"0,46";"0,03";"1,33";"42";"665";"16,2";"21,8";"-0,1";"0,01";"0,35";"6,5";"-1";"0,9";"35,9";"-0,05";"0,71";"0,06";"4,5";"0,07";"0,14";"1,25";"88";"0,2";"18,83";"1,4";"68";"4,8";"GQ2003735"
"ICP709";"-10";"-10";"-10";"-0,01";"0,95";"4";"-10";"264";"0,8";"0,1";"0,26";"0,05";"34,6";"9,8";"35";"1,19";"11,6";"2,88";"3,2";"-0,1";"0,12";"-0,01";"-0,02";"0,12";"20,1";"12";"0,09";"0,3";"505";"0,91";"0,03";"1,16";"18,3";"448";"10,7";"11,5";"-0,1";"-0,01";"0,35";"2,9";"-1";"0,6";"22,6";"-0,05";"0,37";"-0,05";"2,8";"0,05";"0,09";"0,75";"52";"0,2";"8,86";"0,6";"40";"3,8";"GQ2003735"
"ICP710";"-10";"-10";"-10";"-0,01";"0,67";"-1";"-10";"73";"0,5";"0,04";"0,35";"0,02";"27,18";"5,5";"6";"0,59";"6,9";"1,82";"2,5";"-0,1";"0,14";"-0,01";"-0,02";"0,11";"16";"5";"0,1";"0,2";"370";"0,24";"0,05";"1,14";"4,2";"451";"5,6";"8,7";"-0,1";"-0,01";"0,05";"2,8";"-1";"0,7";"17,9";"0,06";"0,29";"-0,05";"4,1";"0,17";"0,05";"0,69";"36";"-0,1";"8,02";"0,7";"22";"4,8";"GQ2003735"
"ICP711";"-10";"-10";"-10";"-0,01";"1,49";"5";"-10";"289";"1,1";"0,19";"0,33";"0,07";"58,22";"12,2";"33";"1,09";"11,2";"2,78";"4,6";"-0,1";"0,15";"-0,01";"0,02";"0,21";"28,9";"25";"0,13";"0,58";"1376";"0,47";"0,03";"0,83";"22,1";"448";"16,7";"17,2";"-0,1";"-0,01";"0,45";"3,4";"-1";"1,2";"24,2";"-0,05";"0,56";"-0,05";"4,9";"0,04";"0,14";"1,12";"41";"0,3";"13,32";"0,9";"61";"5,9";"GQ2003735"
"ICP712";"-10";"-10";"-10";"-0,01";"0,71";"11";"-10";"115";"1,6";"0,13";"0,15";"0,07";"51,85";"4,6";"24";"1,77";"9,2";"1,77";"2,1";"-0,1";"0,08";"0,07";"-0,02";"0,13";"36,7";"6";"0,1";"0,12";"545";"0,43";"0,01";"1,49";"10,3";"226";"24,3";"13,4";"-0,1";"-0,01";"0,37";"1,4";"-1";"1,3";"18,1";"-0,05";"0,56";"-0,05";"2,4";"0,03";"0,12";"0,79";"27";"0,3";"11,53";"0,7";"25";"2,2";"GQ2003735"
"ICP713";"-10";"-10";"-10";"-0,01";"1,24";"5";"-10";"210";"1,3";"0,09";"0,26";"0,05";"57,4";"15,4";"79";"0,59";"14,1";"3,33";"4";"-0,1";"0,12";"-0,01";"0,02";"0,11";"36,8";"9";"0,14";"0,33";"853";"0,42";"0,03";"1,24";"32,9";"386";"15,9";"9";"-0,1";"-0,01";"0,2";"4,2";"-1";"0,9";"42,8";"-0,05";"0,7";"-0,05";"3,2";"0,06";"0,07";"0,92";"56";"0,1";"15,73";"1";"43";"4,6";"GQ2003735"
"ICP714";"-10";"-10";"-10";"-0,01";"0,99";"5";"-10";"157";"0,9";"0,14";"0,24";"0,06";"46,9";"9,8";"32";"1,36";"7,9";"2,36";"3,3";"-0,1";"0,16";"-0,01";"-0,02";"0,17";"20,1";"18";"0,09";"0,44";"595";"0,35";"0,03";"1,1";"15,6";"373";"13,9";"15,2";"-0,1";"-0,01";"0,35";"2,4";"-1";"0,7";"11,7";"-0,05";"0,34";"-0,05";"4,4";"0,07";"0,12";"0,78";"36";"0,3";"8,15";"0,7";"39";"7,4";"GQ2003735"
"ICP715";"-10";"-10";"-10";"-0,01";"1,04";"6";"-10";"196";"0,8";"0,14";"0,2";"0,06";"56,17";"14,1";"48";"0,9";"8,4";"2,37";"3,2";"-0,1";"0,14";"-0,01";"-0,02";"0,17";"21,3";"15";"0,09";"0,34";"999";"0,42";"0,04";"0,67";"22,1";"277";"17,4";"13,2";"-0,1";"-0,01";"0,34";"2,4";"-1";"0,7";"14,4";"-0,05";"0,38";"-0,05";"4,3";"0,04";"0,11";"0,78";"37";"0,2";"9,08";"0,7";"40";"6,6";"GQ2003735"
"ICP716";"-10";"-10";"-10";"-0,01";"0,34";"-1";"-10";"63";"0,2";"0,02";"0,04";"0,01";"15,71";"1,3";"4";"0,36";"1,8";"0,69";"1,1";"-0,1";"-0,05";"-0,01";"-0,02";"0,08";"8,9";"2";"0,03";"0,04";"152";"0,19";"0,02";"1,71";"2";"78";"4";"4,8";"-0,1";"-0,01";"-0,05";"0,8";"-1";"-0,3";"7,3";"-0,05";"0,1";"-0,05";"1,1";"0,02";"0,04";"0,35";"8";"0,7";"2,61";"0,2";"6";"0,7";"GQ2003736"
"ICP717";"-9999";"-9999";"-9999";"-0,01";"1,36";"2";"-10";"198";"1,1";"0,08";"0,29";"0,07";"131,53";"9";"12";"1,64";"33,3";"2,53";"5,3";"-0,1";"0,27";"0,02";"-0,02";"0,3";"70";"20";"0,15";"0,3";"623";"0,33";"0,05";"1,3";"6,9";"876";"25,3";"29,8";"-0,1";"-0,01";"0,14";"4";"-1";"1,1";"25,4";"-0,05";"0,77";"-0,05";"24,4";"0,1";"0,19";"2,48";"40";"-0,1";"15,56";"1,1";"72";"13,6";"GQ2003736"
"ICP718";"-10";"-10";"-10";"-0,01";"0,59";"1";"-10";"85";"0,6";"0,05";"0,12";"0,02";"35,52";"3,5";"5";"0,92";"4,3";"1,03";"2,1";"-0,1";"-0,05";"-0,01";"-0,02";"0,12";"19,9";"7";"0,06";"0,09";"279";"0,18";"0,04";"0,82";"2,7";"228";"6,2";"11,9";"-0,1";"-0,01";"0,05";"1,5";"-1";"0,4";"14,9";"-0,05";"0,25";"-0,05";"5,3";"0,04";"0,07";"0,93";"19";"-0,1";"5,62";"0,4";"18";"2,4";"GQ2003736"
"ICP719";"-10";"-10";"-10";"-0,01";"0,58";"3";"-10";"118";"0,9";"0,08";"0,07";"0,02";"59,49";"4,2";"15";"0,61";"4";"1,54";"1,9";"-0,1";"0,06";"-0,01";"-0,02";"0,1";"32,5";"4";"0,09";"0,06";"364";"0,5";"0,02";"1,55";"5,2";"175";"13,6";"8,9";"-0,1";"-0,01";"0,19";"1,6";"-1";"0,6";"12,9";"-0,05";"0,58";"-0,05";"6,4";"0,02";"0,09";"0,92";"28";"-0,1";"9,98";"0,6";"18";"3";"GQ2003736"
"ICP720";"-10";"-10";"-10";"-0,01";"1,32";"5";"-10";"268";"0,9";"0,13";"0,32";"0,11";"47,15";"17,5";"69";"1,34";"12,4";"4,76";"4,9";"-0,1";"0,14";"-0,01";"0,02";"0,17";"22,9";"18";"0,12";"0,48";"952";"0,66";"0,03";"1,71";"27,7";"601";"15,5";"15,2";"-0,1";"-0,01";"0,39";"4,1";"-1";"0,7";"23,6";"-0,05";"0,45";"-0,05";"5";"0,1";"0,09";"0,95";"101";"0,2";"10,81";"0,8";"50";"7,1";"GQ2003736"
"ICP721";"-10";"-10";"-10";"-0,01";"0,76";"3";"-10";"120";"0,7";"0,1";"0,15";"0,09";"31,41";"5,6";"44";"1,18";"7,2";"2,28";"2,9";"-0,1";"-0,05";"-0,01";"-0,02";"0,15";"17,9";"10";"0,08";"0,2";"457";"0,47";"0,03";"1,58";"12,4";"252";"13,4";"12,4";"-0,1";"0,01";"0,29";"2";"-1";"0,7";"12,5";"-0,05";"0,32";"-0,05";"2,4";"0,05";"0,08";"0,58";"47";"0,2";"7,32";"0,6";"28";"1,4";"GQ2003736"
"ICP722";"-10";"-10";"-10";"-0,01";"0,68";"3";"-10";"135";"0,5";"0,11";"0,18";"0,05";"34,4";"6,2";"40";"0,86";"3,9";"2,66";"2,7";"-0,1";"0,12";"-0,01";"-0,02";"0,13";"18";"9";"0,07";"0,21";"395";"0,34";"0,03";"0,95";"12,2";"267";"11,2";"10,5";"-0,1";"-0,01";"0,31";"2,1";"-1";"0,6";"11,7";"-0,05";"0,31";"-0,05";"5,2";"0,06";"0,07";"0,76";"55";"0,2";"7,17";"0,6";"27";"6,4";"GQ2003736"
"ICP723";"-10";"-10";"-10";"-0,01";"0,73";"3";"-10";"144";"0,6";"0,14";"0,19";"0,06";"35,71";"7,1";"47";"0,9";"4,1";"3,31";"3,1";"-0,1";"0,25";"0,02";"-0,02";"0,13";"19";"9";"0,09";"0,22";"428";"0,38";"0,03";"1,13";"13,4";"275";"12,7";"11,8";"-0,1";"-0,01";"0,38";"2,3";"-1";"0,9";"11,3";"-0,05";"0,33";"-0,05";"5,2";"0,08";"0,09";"0,8";"73";"0,3";"7,79";"0,6";"30";"10,4";"GQ2003736"
"ICP724";"60";"-10";"-10";"-0,01";"0,8";"1";"-10";"171";"0,6";"0,06";"0,13";"0,04";"75,02";"8,1";"36";"0,34";"5";"3,21";"2,8";"-0,1";"0,13";"-0,01";"-0,02";"0,12";"39,5";"4";"0,07";"0,18";"560";"0,34";"0,03";"0,8";"9,9";"290";"13,3";"6,9";"-0,1";"-0,01";"0,16";"2";"-1";"0,7";"20,8";"-0,05";"0,43";"-0,05";"9,4";"0,06";"0,05";"0,65";"63";"-0,1";"7,43";"0,5";"28";"6,6";"GQ2003736"
"ICP725";"-10";"-10";"-10";"-0,01";"1,26";"5";"-10";"221";"1,3";"0,08";"0,26";"0,06";"61,59";"13,7";"82";"0,6";"10,2";"3,62";"4,1";"-0,1";"0,18";"0,02";"0,02";"0,13";"36";"8";"0,14";"0,3";"924";"0,41";"0,04";"1,23";"28,6";"526";"19,4";"9,7";"-0,1";"-0,01";"0,27";"4,2";"-1";"1";"36";"-0,05";"0,68";"-0,05";"3,4";"0,09";"0,07";"0,79";"71";"0,1";"15,67";"1,1";"46";"8,9";"GQ2003736"
"ICP726";"-10";"-10";"-10";"-0,01";"1,52";"8";"-10";"234";"1,9";"0,16";"0,29";"0,12";"86,04";"15,4";"38";"1,49";"16,6";"4,83";"5,1";"-0,1";"0,13";"0,03";"0,03";"0,22";"43,4";"13";"0,22";"0,28";"1156";"0,81";"0,02";"1,86";"16,7";"448";"25,3";"19,2";"-0,1";"0,02";"0,53";"3,7";"-1";"1,8";"29,9";"-0,05";"0,94";"-0,05";"3,5";"0,1";"0,13";"1,29";"98";"0,3";"24,12";"1,6";"51";"4,2";"GQ2003736"
"ICP727";"-10";"-10";"-10";"-0,01";"1,81";"6";"-10";"207";"2,3";"0,13";"0,29";"0,11";"93,34";"19,6";"138";"1,04";"12,8";"4,26";"6,3";"-0,1";"0,21";"0,01";"0,03";"0,15";"58,1";"15";"0,29";"0,41";"1329";"0,55";"0,03";"1,78";"43,8";"541";"26,2";"12,9";"-0,1";"-0,01";"0,33";"6,4";"-1";"1,4";"50,6";"-0,05";"1,38";"-0,05";"4,2";"0,11";"0,1";"1,36";"83";"0,1";"32,93";"2,2";"68";"9,7";"GQ2003736"
"ICP728";"-10";"-10";"-10";"-0,01";"1,44";"2";"-10";"198";"1";"0,11";"0,43";"0,13";"56,89";"19,6";"114";"1,33";"19,1";"6,24";"6,2";"-0,1";"0,21";"-0,01";"0,02";"0,21";"29,2";"15";"0,16";"0,51";"1006";"0,88";"0,04";"2,55";"31,2";"634";"18";"18,2";"-0,1";"-0,01";"0,24";"5,4";"-1";"0,8";"33,8";"-0,05";"0,52";"-0,05";"6,4";"0,19";"0,1";"1,18";"160";"0,2";"13,8";"1,2";"49";"10,8";"GQ2003736"
"ICP729";"-10";"-10";"-10";"-0,01";"0,66";"4";"-10";"123";"0,7";"0,11";"0,12";"0,04";"34,32";"5,1";"23";"0,72";"3,7";"1,88";"2,3";"-0,1";"0,09";"-0,01";"-0,02";"0,12";"18";"7";"0,07";"0,17";"402";"0,35";"0,02";"0,89";"7,9";"193";"11,2";"9,1";"-0,1";"-0,01";"0,31";"1,6";"-1";"0,7";"11";"-0,05";"0,31";"-0,05";"3,2";"0,04";"0,07";"0,6";"33";"0,2";"6,62";"0,5";"23";"4,3";"GQ2003736"
"ICP730";"-10";"-10";"-10";"-0,01";"1,3";"6";"-10";"176";"2";"0,11";"0,22";"0,09";"74,45";"18,5";"89";"0,8";"10,1";"3,79";"4,7";"-0,1";"0,16";"0,02";"0,03";"0,15";"43,5";"9";"0,19";"0,27";"1310";"0,59";"0,04";"1,72";"29,6";"595";"25,3";"11,6";"-0,1";"-0,01";"0,26";"4,4";"-1";"1,2";"35,3";"-0,05";"0,91";"-0,05";"3,7";"0,1";"0,09";"1,05";"75";"0,2";"21,46";"1,4";"52";"8,5";"GQ2003736"
"ICP731";"-10";"-10";"-10";"-0,01";"1,11";"4";"-10";"153";"0,7";"0,17";"0,24";"0,06";"46,11";"11,1";"33";"0,97";"6,5";"2,59";"3,9";"-0,1";"0,09";"0,01";"-0,02";"0,17";"16,9";"19";"0,08";"0,41";"868";"0,47";"0,02";"1,17";"16,1";"367";"13,5";"13,1";"-0,1";"-0,01";"0,37";"2,6";"-1";"0,7";"14,5";"-0,05";"0,33";"-0,05";"4,6";"0,05";"0,1";"0,85";"45";"0,3";"7,91";"0,6";"41";"5,5";"GQ2003736"
"ICP732";"-10";"-10";"-10";"-0,01";"1,66";"6";"-10";"306";"2,6";"0,12";"0,39";"0,11";"127,47";"11,4";"49";"1,57";"27,5";"3,23";"4,8";"-0,1";"0,12";"0,05";"0,03";"0,24";"60,9";"10";"0,21";"0,16";"847";"0,94";"0,02";"2,06";"24";"475";"21,1";"25,5";"-0,1";"0,02";"0,26";"3,9";"-1";"1,9";"40,1";"-0,05";"1,15";"-0,05";"2,8";"0,05";"0,18";"1,27";"56";"0,3";"24,68";"1,5";"49";"3,1";"GQ2003736"
"ICP733";"-10";"-10";"-10";"-0,01";"1,18";"5";"-10";"128";"1,5";"0,12";"0,16";"0,05";"52,84";"7,8";"35";"0,94";"6,6";"2,58";"4,5";"-0,1";"0,06";"0,01";"0,02";"0,12";"29,3";"10";"0,12";"0,27";"368";"0,53";"0,02";"2,27";"13";"446";"21,1";"13,1";"-0,1";"0,01";"0,2";"2,7";"-1";"1,1";"21,5";"-0,05";"0,71";"-0,05";"2,4";"0,06";"0,12";"0,63";"42";"0,1";"13,87";"0,9";"40";"2,4";"GQ2003736"
"ICP734";"-10";"-10";"-10";"-0,01";"0,76";"3";"-10";"156";"0,8";"0,19";"0,09";"0,03";"131,02";"3,4";"23";"1,14";"3,3";"1,65";"2,3";"-0,1";"-0,05";"-0,01";"-0,02";"0,13";"66,9";"9";"0,07";"0,12";"178";"0,45";"0,03";"0,8";"6,4";"290";"10,8";"12,5";"-0,1";"0,01";"0,23";"1,6";"-1";"0,5";"18,5";"-0,05";"0,67";"-0,05";"18,4";"0,02";"0,08";"1,52";"27";"-0,1";"9,74";"0,5";"19";"0,6";"GQ2003736"
"ICP735";"-10";"-10";"-10";"-0,01";"0,88";"4";"-10";"169";"0,7";"0,07";"0,13";"0,02";"46,28";"11";"44";"0,58";"4";"3,91";"3,7";"-0,1";"0,06";"-0,01";"-0,02";"0,16";"20,3";"4";"0,06";"0,14";"558";"0,44";"0,02";"1,09";"9,9";"255";"14,8";"12,2";"-0,1";"-0,01";"0,16";"2,5";"-1";"0,8";"21,5";"-0,05";"0,32";"-0,05";"3,8";"0,06";"0,08";"0,51";"81";"-0,1";"6,34";"0,4";"27";"3,3";"GQ2003736"
"ICP736";"-10";"-10";"-10";"-0,01";"1,31";"3";"-10";"195";"1,6";"0,1";"0,18";"0,06";"62,89";"11,3";"39";"0,88";"9,2";"3,27";"5,3";"-0,1";"0,09";"-0,01";"0,02";"0,2";"30,4";"11";"0,1";"0,31";"702";"0,52";"0,03";"2,54";"16,3";"301";"20,8";"19,8";"-0,1";"-0,01";"0,21";"3,1";"-1";"1,7";"24,6";"-0,05";"0,67";"-0,05";"4,1";"0,07";"0,14";"0,67";"59";"0,1";"12,25";"0,7";"48";"3,3";"GQ2003736"
"ICP737";"-10";"-10";"-10";"-0,01";"1,01";"3";"-10";"170";"0,6";"0,09";"0,24";"0,06";"35,88";"9,9";"38";"1,07";"9,7";"2,72";"3,6";"-0,1";"0,08";"-0,01";"-0,02";"0,14";"19,1";"11";"0,09";"0,32";"529";"0,48";"0,03";"1,92";"15,3";"375";"10,1";"12,6";"-0,1";"-0,01";"0,3";"3";"-1";"0,7";"19,3";"-0,05";"0,34";"-0,05";"2,9";"0,08";"0,07";"0,67";"53";"0,1";"8,6";"0,7";"33";"4";"GQ2003736"
"ICP738";"-10";"-10";"-10";"-0,01";"1,11";"4";"-10";"208";"1,2";"0,09";"0,21";"0,04";"60,15";"12,7";"48";"1,16";"7,3";"3,63";"4,8";"-0,1";"0,11";"0,01";"0,03";"0,16";"30,8";"10";"0,1";"0,3";"623";"0,54";"0,02";"2,48";"16,7";"499";"17,9";"16,4";"-0,1";"-0,01";"0,2";"3,9";"-1";"1,5";"25,3";"-0,05";"0,59";"-0,05";"3";"0,09";"0,1";"0,55";"66";"0,1";"11,02";"0,7";"53";"5,8";"GQ2003736"
"ICP739";"-10";"-10";"-10";"-0,01";"1,18";"6";"-10";"225";"1";"0,16";"0,25";"0,09";"50,82";"12,8";"32";"1,04";"9,3";"2,7";"4";"-0,1";"0,21";"-0,01";"-0,02";"0,18";"24,2";"18";"0,12";"0,41";"832";"0,43";"0,03";"0,87";"18,5";"391";"20,2";"15,4";"-0,1";"-0,01";"0,39";"3";"-1";"0,7";"20,5";"-0,05";"0,48";"-0,05";"4,8";"0,05";"0,12";"1,02";"40";"0,2";"11,36";"0,8";"49";"10,4";"GQ2003736"
"ICP740";"-10";"-10";"-10";"-0,01";"1,03";"5";"-10";"61";"1,3";"0,13";"0,04";"0,04";"42,18";"3,7";"7";"1,24";"3,4";"1,38";"4,3";"-0,1";"-0,05";"0,02";"0,02";"0,09";"24,8";"4";"0,08";"0,04";"317";"0,52";"-0,01";"3,47";"2,5";"183";"23,9";"17,4";"-0,1";"0,02";"0,24";"1,5";"-1";"1,5";"6,5";"-0,05";"0,73";"-0,05";"1,9";"0,02";"0,15";"0,61";"29";"0,2";"12,2";"0,6";"24";"1,1";"GQ2003736"
"ICP741";"-10";"-10";"-10";"-0,01";"0,85";"3";"-10";"275";"0,9";"0,09";"0,18";"0,02";"46,84";"9,9";"63";"0,6";"8,2";"3,43";"3,4";"-0,1";"0,1";"0,02";"-0,02";"0,17";"22,9";"5";"0,06";"0,2";"539";"0,49";"0,03";"0,82";"18,7";"393";"14";"11,9";"-0,1";"-0,01";"0,28";"2,8";"-1";"0,9";"21,5";"-0,05";"0,36";"-0,05";"3,6";"0,05";"0,07";"0,55";"67";"0,1";"7,1";"0,5";"38";"5,2";"GQ2003736"
"ICP742";"-10";"-10";"-10";"-0,01";"1,11";"4";"-10";"343";"1,1";"0,11";"0,23";"0,04";"62,9";"11,7";"116";"0,77";"11,8";"4,11";"4,1";"-0,1";"0,16";"-0,01";"0,02";"0,2";"31,6";"6";"0,08";"0,23";"528";"0,69";"0,03";"0,9";"28,8";"504";"19,1";"13,9";"-0,1";"-0,01";"0,31";"3,7";"-1";"1,1";"37";"-0,05";"0,44";"-0,05";"4,9";"0,09";"0,08";"0,77";"84";"0,2";"8,52";"0,6";"50";"8,1";"GQ2003736"
"ICP743";"-10";"-10";"-10";"-0,01";"1,11";"5";"-10";"217";"0,9";"0,12";"0,18";"0,06";"43,91";"8,8";"38";"1,99";"9,1";"2,87";"3,6";"-0,1";"0,07";"-0,01";"-0,02";"0,18";"23";"10";"0,11";"0,22";"533";"0,45";"0,02";"1,73";"14,6";"278";"13,2";"18";"-0,1";"-0,01";"0,29";"3,2";"-1";"0,7";"15";"-0,05";"0,46";"-0,05";"3,8";"0,05";"0,12";"0,81";"55";"0,2";"11,14";"0,8";"30";"3,2";"GQ2003736"
"ICP744";"-10";"-10";"-10";"-0,01";"0,79";"3";"-10";"152";"0,6";"0,11";"0,15";"0,04";"27,65";"4,7";"17";"0,85";"3,9";"1,64";"2,5";"-0,1";"0,06";"-0,01";"-0,02";"0,14";"14,5";"7";"0,08";"0,14";"453";"0,37";"0,03";"0,61";"7,9";"161";"10,2";"11,9";"-0,1";"-0,01";"0,21";"1,8";"-1";"0,5";"14,4";"-0,05";"0,3";"-0,05";"2,8";"0,02";"0,08";"0,67";"19";"0,1";"7,47";"0,5";"22";"3,3";"GQ2003736"
"ICP745";"-10";"-10";"-10";"-0,01";"1,65";"2";"-10";"186";"0,6";"0,06";"0,32";"0,1";"44,88";"13,9";"63";"1,11";"26,1";"2,94";"5,5";"-0,1";"0,06";"-0,01";"-0,02";"0,25";"25,4";"9";"0,13";"0,51";"526";"0,7";"0,04";"2,77";"27,5";"346";"10,8";"23";"-0,1";"0,01";"0,08";"5,1";"-1";"0,6";"31,8";"-0,05";"0,38";"-0,05";"3,1";"0,11";"0,11";"0,73";"60";"0,8";"10,28";"0,9";"32";"2,2";"GQ2003736"
"ICP746";"-10";"-10";"-10";"-0,01";"0,67";"2";"-10";"108";"0,5";"0,1";"0,2";"0,06";"30,33";"9,7";"66";"0,9";"6,3";"4,21";"3,3";"-0,1";"0,12";"-0,01";"-0,02";"0,11";"16,1";"7";"0,08";"0,24";"434";"0,57";"0,03";"1,77";"14,2";"294";"12,9";"9,5";"-0,1";"-0,01";"0,31";"2,5";"-1";"0,8";"13,7";"-0,05";"0,27";"-0,05";"5,7";"0,11";"0,06";"0,77";"92";"0,2";"7,08";"0,5";"27";"6,5";"GQ2003736"
"ICP747";"-10";"-10";"-10";"-0,01";"1,29";"4";"-10";"210";"0,8";"0,15";"0,29";"0,09";"41,32";"17,4";"185";"2,3";"54,1";"5,44";"5,1";"-0,1";"0,1";"-0,01";"-0,02";"0,19";"21,2";"12";"0,12";"0,55";"664";"0,84";"0,03";"1,9";"54,1";"457";"13,2";"18";"-0,1";"-0,01";"0,37";"4,4";"-1";"0,7";"18,7";"-0,05";"0,38";"-0,05";"4,3";"0,13";"0,1";"0,87";"120";"0,7";"9,8";"0,8";"36";"5,2";"GQ2003736"
"ICP748";"-10";"-10";"-10";"0,03";"0,99";"3";"-10";"172";"0,5";"0,13";"0,26";"0,06";"34,41";"14,5";"167";"1,83";"41,8";"4,9";"4,1";"-0,1";"0,23";"-0,01";"-0,02";"0,15";"17,4";"9";"0,09";"0,41";"503";"0,79";"0,02";"1,45";"44,2";"431";"11";"13,8";"-0,1";"-0,01";"0,36";"3,7";"-1";"0,6";"16,2";"-0,05";"0,32";"-0,05";"3,6";"0,11";"0,08";"0,76";"111";"0,5";"8,07";"0,7";"28";"13,6";"GQ2003736"
"ICP749";"-10";"-10";"-10";"-0,01";"1,31";"4";"-10";"242";"1,5";"0,13";"0,23";"0,07";"96,03";"16,3";"124";"0,59";"12,1";"5,43";"5,5";"-0,1";"0,43";"-0,01";"0,03";"0,16";"52,4";"9";"0,14";"0,32";"747";"0,69";"0,03";"1,2";"38,3";"476";"23,3";"12,4";"-0,1";"-0,01";"0,33";"4,6";"-1";"1,4";"28,2";"-0,05";"0,87";"-0,05";"5,5";"0,13";"0,09";"1,12";"115";"0,1";"17,56";"1";"56";"25,8";"GQ2003736"
"ICP750";"-10";"-10";"-10";"-0,01";"1,75";"4";"-10";"210";"2,8";"0,12";"0,16";"0,13";"175,43";"10,3";"29";"1,75";"7";"4,29";"7,5";"-0,1";"0,13";"0,02";"0,07";"0,12";"77,2";"9";"0,42";"0,18";"1313";"1,32";"0,01";"2,83";"12,3";"728";"24,6";"19,9";"-0,1";"0,02";"0,2";"6,5";"-1";"1,8";"16,7";"-0,05";"1,88";"-0,05";"3,4";"0,11";"0,16";"0,97";"46";"0,2";"38,13";"3";"70";"4,9";"GQ2003736"
"ICP751";"-10";"-10";"-10";"-0,01";"2,07";"12";"-10";"216";"2";"0,14";"0,37";"0,06";"103,3";"30";"190";"1,54";"22,8";"4,78";"7,2";"-0,1";"0,13";"0,01";"0,03";"0,1";"50,8";"17";"0,22";"0,39";"1303";"0,62";"0,02";"1,16";"66";"407";"19,7";"12,7";"-0,1";"0,01";"0,27";"8,5";"-1";"1";"56,7";"-0,05";"1,12";"-0,05";"3,9";"0,11";"0,12";"1,37";"100";"-0,1";"24,53";"1,6";"47";"5,1";"GQ2003736"
"ICP752";"-9999";"-9999";"-9999";"0,03";"0,38";"1";"-10";"63";"0,5";"0,07";"0,05";"0,02";"27,84";"2,2";"19";"0,7";"3,4";"1,13";"1,3";"-0,1";"-0,05";"-0,01";"-0,02";"0,12";"13,2";"3";"0,04";"0,06";"377";"0,36";"0,02";"0,6";"7,3";"108";"10,3";"9";"-0,1";"-0,01";"0,13";"0,7";"-1";"0,4";"6,7";"-0,05";"0,2";"-0,05";"4,9";"0,01";"0,06";"0,53";"12";"0,1";"3,62";"0,3";"11";"3,2";"GQ2003736"
